Sample_ID,C_percent,Mn_percent,Si_percent,Cr_percent,Ni_percent,Mo_percent,Aust_Temp,Aust_Time,Cooling_Rate,Quench_Temp,Temp_Temp,Temp_Time,Martensite_Pct,Bainite_Pct,Ferrite_Pct,Pearlite_Pct,Grain_Size,Hardness_HRC,Yield_Strength,Tensile_Strength,Elongation,Microstructure_Image
STEEL_0000,0.596,0.915,0.268,1.357,0.668,0.262,813.5,46.3,88.39,107.2,504.1,81.5,0.0,0.0,2.43,97.57,10.0,20.1,741.0,889.0,25.0,microstructure_0000.png
STEEL_0001,0.426,0.984,0.241,0.847,0.628,0.158,925.9,115.8,18.45,91.7,309.8,86.5,0.0,0.0,44.66,55.34,23.05,21.6,776.0,931.0,25.0,microstructure_0001.png
STEEL_0002,0.506,0.569,0.214,0.261,0.744,0.431,854.6,63.4,78.15,140.0,454.9,178.1,15.24,43.69,0.0,41.06,10.61,38.1,1360.0,1694.0,21.2,microstructure_0002.png
STEEL_0003,0.427,0.742,0.397,0.459,0.079,0.063,854.7,31.5,68.54,147.5,323.0,157.6,38.35,19.82,0.0,41.83,10.0,45.9,1600.0,2000.0,15.8,microstructure_0003.png
STEEL_0004,0.477,1.086,0.194,1.317,0.511,0.436,887.6,84.7,77.88,124.8,322.8,101.2,0.0,0.0,9.19,90.81,15.27,25.4,913.0,1096.0,25.0,microstructure_0004.png
STEEL_0005,0.546,1.033,0.212,0.713,0.332,0.124,880.3,45.3,96.88,161.3,633.3,126.6,18.45,39.24,0.0,42.31,10.64,27.8,1004.0,1260.0,25.0,microstructure_0005.png
STEEL_0006,0.316,1.36,0.316,0.654,0.536,0.023,912.1,82.3,42.66,144.5,565.0,133.3,10.33,49.28,0.0,40.39,17.72,30.3,1080.0,1330.0,24.9,microstructure_0006.png
STEEL_0007,0.358,0.779,0.371,1.175,0.635,0.366,923.3,69.3,29.09,151.5,426.4,91.6,0.0,0.0,53.48,46.52,17.51,20.0,726.0,871.0,25.0,microstructure_0007.png
STEEL_0008,0.356,1.06,0.206,0.709,0.977,0.141,855.3,76.2,73.66,63.6,359.2,97.0,13.11,46.65,0.0,40.24,11.68,41.0,1460.0,1809.0,20.3,microstructure_0008.png
STEEL_0009,0.386,0.724,0.399,1.231,0.441,0.338,908.4,64.5,38.11,33.5,422.2,139.9,0.0,0.0,20.25,79.75,15.3,22.9,829.0,995.0,25.0,microstructure_0009.png
STEEL_0010,0.591,1.27,0.392,0.57,0.586,0.01,814.9,82.9,44.42,21.3,469.8,81.1,3.24,56.65,0.0,40.11,10.0,35.0,1256.0,1519.0,23.7,microstructure_0010.png
STEEL_0011,0.485,0.636,0.153,0.989,0.481,0.021,860.6,78.3,22.44,99.4,606.4,143.2,0.0,0.0,10.67,89.33,12.26,20.0,733.0,879.0,25.0,microstructure_0011.png
STEEL_0012,0.351,1.422,0.317,0.74,0.499,0.194,813.4,93.0,34.66,186.5,208.9,115.3,0.0,0.0,10.81,89.19,10.0,25.5,927.0,1113.0,25.0,microstructure_0012.png
STEEL_0013,0.383,1.341,0.309,1.276,0.254,0.329,930.5,67.2,81.14,130.5,602.3,85.1,1.45,58.48,0.0,40.07,18.1,26.3,943.0,1136.0,25.0,microstructure_0013.png
STEEL_0014,0.359,0.728,0.351,0.115,0.591,0.29,805.3,31.3,84.25,97.1,345.6,174.3,49.07,9.91,0.0,41.02,10.0,48.2,1600.0,2000.0,13.8,microstructure_0014.png
STEEL_0015,0.418,1.355,0.15,1.431,0.149,0.258,886.1,63.2,63.76,45.7,366.0,72.8,0.0,0.0,4.17,95.83,13.06,26.0,937.0,1125.0,25.0,microstructure_0015.png
STEEL_0016,0.497,0.687,0.376,1.03,0.534,0.087,931.1,66.6,38.88,28.5,431.2,77.9,0.0,0.0,3.89,96.11,18.1,23.9,860.0,1032.0,25.0,microstructure_0016.png
STEEL_0017,0.344,0.554,0.161,1.267,0.09,0.316,938.5,70.7,93.61,51.7,270.6,128.8,17.46,42.34,0.0,40.2,19.59,41.6,1468.0,1839.0,19.6,microstructure_0017.png
STEEL_0018,0.473,0.577,0.398,1.208,0.684,0.226,900.4,102.5,24.06,164.5,320.9,89.3,0.0,0.0,38.62,61.38,18.29,22.3,805.0,966.0,25.0,microstructure_0018.png
STEEL_0019,0.597,1.31,0.367,0.063,0.178,0.356,802.9,101.8,48.81,178.4,440.8,102.5,7.45,51.03,0.0,41.52,10.0,37.3,1335.0,1632.0,22.3,microstructure_0019.png
STEEL_0020,0.313,0.747,0.261,0.295,0.262,0.366,880.9,31.4,37.23,164.6,629.6,137.6,9.51,50.16,0.0,40.33,10.0,26.6,967.0,1187.0,25.0,microstructure_0020.png
STEEL_0021,0.509,0.807,0.26,0.746,0.172,0.402,832.2,105.5,30.47,102.9,535.4,130.4,0.0,0.0,14.98,85.02,11.78,20.0,734.0,880.0,25.0,microstructure_0021.png
STEEL_0022,0.57,1.177,0.295,1.134,0.517,0.203,930.0,94.0,96.65,166.9,396.2,92.3,2.83,56.66,0.0,40.51,21.34,38.5,1362.0,1646.0,22.3,microstructure_0022.png
STEEL_0023,0.364,0.504,0.276,1.035,0.936,0.169,827.4,78.2,60.13,109.6,364.7,138.1,5.89,53.95,0.0,40.16,10.0,39.7,1418.0,1727.0,21.5,microstructure_0023.png
STEEL_0024,0.33,1.078,0.186,1.437,0.105,0.455,945.7,34.6,50.91,165.2,521.7,180.0,0.0,0.0,15.81,84.19,14.37,20.0,730.0,875.0,25.0,microstructure_0024.png
STEEL_0025,0.373,0.824,0.376,1.029,0.515,0.343,821.4,114.8,45.16,117.4,464.1,72.2,0.0,0.0,12.21,87.79,11.43,21.4,783.0,940.0,25.0,microstructure_0025.png
STEEL_0026,0.587,1.315,0.365,0.994,0.278,0.072,852.8,83.2,36.83,113.7,310.2,157.6,0.0,0.0,7.48,92.52,12.0,25.7,930.0,1116.0,25.0,microstructure_0026.png
STEEL_0027,0.515,1.394,0.249,0.906,0.499,0.033,897.9,110.7,42.59,161.1,386.4,151.3,0.0,0.0,1.65,98.35,18.7,26.0,931.0,1118.0,25.0,microstructure_0027.png
STEEL_0028,0.52,1.171,0.165,0.988,0.136,0.339,821.0,82.4,25.69,196.7,313.8,159.0,0.0,0.0,32.51,67.49,10.0,23.3,852.0,1023.0,25.0,microstructure_0028.png
STEEL_0029,0.36,1.318,0.173,0.173,0.143,0.45,861.0,91.6,54.53,24.8,449.4,75.9,15.54,44.29,0.0,40.17,13.29,38.5,1369.0,1706.0,21.1,microstructure_0029.png
STEEL_0030,0.429,1.046,0.216,0.311,0.224,0.079,871.7,37.5,87.45,192.5,365.7,166.1,50.17,5.2,0.0,44.63,10.0,47.7,1600.0,2000.0,13.9,microstructure_0030.png
STEEL_0031,0.6,1.278,0.255,1.373,0.722,0.408,820.4,91.7,36.33,178.0,303.5,109.2,0.0,0.0,22.1,77.9,10.15,24.4,887.0,1065.0,25.0,microstructure_0031.png
STEEL_0032,0.555,1.186,0.319,1.275,0.133,0.419,939.7,33.7,25.46,164.8,296.8,106.3,0.0,0.0,27.97,72.03,13.63,23.6,853.0,1024.0,25.0,microstructure_0032.png
STEEL_0033,0.54,1.111,0.368,0.582,0.639,0.353,810.8,118.7,90.71,175.3,395.5,60.2,5.03,54.16,0.0,40.8,10.83,39.4,1404.0,1706.0,21.8,microstructure_0033.png
STEEL_0034,0.47,1.377,0.156,0.311,0.806,0.212,823.5,63.0,87.58,90.9,255.7,107.5,19.13,40.03,0.0,40.85,10.0,42.2,1505.0,1892.0,19.2,microstructure_0034.png
STEEL_0035,0.404,0.981,0.292,0.746,0.683,0.108,810.6,39.1,92.14,88.6,263.8,99.7,21.9,37.48,0.0,40.61,10.0,42.8,1525.0,1931.0,18.7,microstructure_0035.png
STEEL_0036,0.392,0.882,0.299,0.273,0.29,0.042,946.8,77.4,80.3,135.6,617.2,135.5,89.15,0.0,0.0,10.85,21.66,48.7,1600.0,2000.0,9.6,microstructure_0036.png
STEEL_0037,0.454,0.955,0.245,1.235,0.012,0.39,818.4,98.7,87.11,99.5,542.2,157.2,4.1,55.75,0.0,40.16,10.39,30.8,1109.0,1345.0,25.0,microstructure_0037.png
STEEL_0038,0.582,0.964,0.287,0.685,0.486,0.406,853.5,91.9,82.23,78.8,518.7,178.5,2.1,57.78,0.0,40.12,12.66,31.7,1135.0,1369.0,25.0,microstructure_0038.png
STEEL_0039,0.536,0.909,0.272,0.435,0.211,0.125,926.2,52.0,83.19,178.7,333.8,144.3,26.44,30.1,0.0,43.46,15.47,42.9,1517.0,1941.0,18.2,microstructure_0039.png
STEEL_0040,0.499,1.165,0.228,0.171,0.777,0.382,906.6,35.2,72.88,42.4,309.5,177.4,12.51,47.16,0.0,40.34,11.16,40.9,1457.0,1803.0,20.4,microstructure_0040.png
STEEL_0041,0.422,1.293,0.16,0.679,0.663,0.069,824.8,103.7,87.99,133.3,468.6,106.1,21.39,37.42,0.0,41.19,11.11,38.4,1370.0,1732.0,20.5,microstructure_0041.png
STEEL_0042,0.567,1.108,0.399,0.494,0.057,0.178,826.2,52.8,95.61,91.2,223.5,154.0,23.48,35.19,0.0,41.33,10.0,43.0,1531.0,1945.0,18.4,microstructure_0042.png
STEEL_0043,0.511,0.925,0.27,0.574,0.861,0.471,870.5,88.9,10.87,65.4,350.1,160.5,0.0,0.0,33.68,66.32,13.96,23.0,833.0,999.0,25.0,microstructure_0043.png
STEEL_0044,0.435,1.028,0.321,0.468,0.238,0.068,942.6,65.8,45.6,32.3,587.5,104.1,14.51,45.26,0.0,40.22,19.42,29.7,1060.0,1318.0,24.7,microstructure_0044.png
STEEL_0045,0.431,0.673,0.214,1.346,0.68,0.316,803.1,35.9,88.07,64.7,356.0,154.8,2.82,57.11,0.0,40.07,10.0,39.1,1397.0,1689.0,22.1,microstructure_0045.png
STEEL_0046,0.378,0.814,0.286,1.312,0.686,0.065,898.3,61.5,54.77,113.2,480.4,156.2,3.67,56.21,0.0,40.12,13.97,34.2,1221.0,1478.0,23.9,microstructure_0046.png
STEEL_0047,0.312,0.679,0.37,1.289,0.347,0.072,841.2,85.5,29.16,48.8,480.1,139.5,0.0,0.0,5.3,94.7,11.26,21.2,774.0,929.0,25.0,microstructure_0047.png
STEEL_0048,0.493,1.366,0.237,0.103,0.862,0.071,866.1,90.9,14.01,68.2,629.8,94.2,0.0,0.0,12.66,87.34,13.7,20.0,731.0,877.0,25.0,microstructure_0048.png
STEEL_0049,0.581,0.636,0.366,1.337,0.091,0.296,834.9,84.3,88.64,60.5,447.4,75.6,3.37,56.49,0.0,40.14,10.72,36.3,1299.0,1572.0,23.1,microstructure_0049.png
STEEL_0050,0.518,1.407,0.184,0.14,0.036,0.267,828.2,55.8,80.9,182.4,358.0,68.7,29.27,26.61,0.0,44.12,10.0,43.6,1552.0,1999.0,17.6,microstructure_0050.png
STEEL_0051,0.558,1.404,0.344,1.486,0.131,0.495,862.9,90.7,64.49,168.8,406.7,138.4,0.0,0.0,27.53,72.47,13.4,23.2,842.0,1010.0,25.0,microstructure_0051.png
STEEL_0052,0.301,1.252,0.236,0.307,0.14,0.438,935.1,45.5,26.03,72.2,551.2,124.2,0.0,0.0,4.27,95.73,15.35,20.0,728.0,874.0,25.0,microstructure_0052.png
STEEL_0053,0.306,1.493,0.27,1.245,0.817,0.272,866.3,106.7,89.8,65.1,625.5,153.9,3.26,56.68,0.0,40.06,14.87,25.4,915.0,1108.0,25.0,microstructure_0053.png
STEEL_0054,0.357,1.007,0.177,0.655,0.735,0.416,803.5,85.2,56.39,54.1,446.5,141.3,1.11,58.87,0.0,40.02,10.0,36.0,1290.0,1552.0,23.5,microstructure_0054.png
STEEL_0055,0.384,0.656,0.273,0.703,0.328,0.063,832.5,57.3,92.78,38.0,518.4,140.8,45.06,14.4,0.0,40.54,10.0,40.4,1441.0,1924.0,17.3,microstructure_0055.png
STEEL_0056,0.481,0.681,0.329,0.811,0.435,0.032,898.6,87.0,98.82,166.5,573.4,172.8,32.23,25.0,0.0,42.77,16.66,33.7,1200.0,1556.0,21.3,microstructure_0056.png
STEEL_0057,0.443,0.718,0.254,1.177,0.474,0.277,941.3,78.8,82.45,98.1,514.3,120.1,5.1,54.71,0.0,40.18,21.06,32.2,1144.0,1391.0,24.6,microstructure_0057.png
STEEL_0058,0.486,1.081,0.336,1.409,0.718,0.481,884.1,70.3,72.99,72.1,418.7,162.2,0.0,0.0,16.28,83.72,13.59,23.6,855.0,1026.0,25.0,microstructure_0058.png
STEEL_0059,0.401,1.311,0.307,0.129,0.521,0.292,903.2,37.8,17.32,139.9,236.7,112.6,0.0,0.0,16.26,83.74,11.32,24.9,902.0,1083.0,25.0,microstructure_0059.png
STEEL_0060,0.484,0.904,0.377,0.606,0.042,0.079,860.0,36.3,70.34,50.8,456.9,129.0,24.85,34.59,0.0,40.56,10.0,40.0,1428.0,1820.0,19.5,microstructure_0060.png
STEEL_0061,0.348,1.458,0.239,0.062,0.478,0.496,938.9,97.2,91.5,192.6,328.9,148.9,31.84,25.76,0.0,42.4,23.02,43.9,1547.0,2000.0,17.2,microstructure_0061.png
STEEL_0062,0.589,1.446,0.24,0.037,0.878,0.203,846.1,109.2,32.73,171.3,284.7,143.4,1.11,58.65,0.0,40.24,13.15,38.6,1371.0,1650.0,22.5,microstructure_0062.png
STEEL_0063,0.512,1.023,0.338,0.526,0.292,0.123,913.6,93.9,65.17,52.8,422.2,156.7,14.57,45.02,0.0,40.41,19.12,39.6,1402.0,1744.0,20.7,microstructure_0063.png
STEEL_0064,0.472,0.898,0.342,0.828,0.863,0.241,929.4,79.8,22.22,34.0,575.1,158.3,0.0,0.0,38.64,61.36,19.58,20.0,724.0,869.0,25.0,microstructure_0064.png
STEEL_0065,0.362,1.116,0.187,1.471,0.913,0.183,939.1,68.3,63.19,188.4,253.1,73.9,0.0,0.0,6.04,93.96,19.32,25.5,915.0,1098.0,25.0,microstructure_0065.png
STEEL_0066,0.373,0.819,0.381,1.033,0.781,0.192,903.4,67.0,62.16,100.2,222.0,94.7,3.18,56.73,0.0,40.09,15.09,38.9,1381.0,1670.0,22.1,microstructure_0066.png
STEEL_0067,0.308,1.068,0.157,0.098,0.948,0.075,823.5,117.2,54.6,106.8,402.0,84.8,43.8,15.26,0.0,40.94,11.71,46.9,1600.0,2000.0,14.9,microstructure_0067.png
STEEL_0068,0.55,1.243,0.188,1.237,0.37,0.179,836.6,49.2,84.92,181.1,601.1,84.1,2.08,57.51,0.0,40.41,10.0,26.9,974.0,1175.0,25.0,microstructure_0068.png
STEEL_0069,0.448,0.666,0.22,0.781,0.555,0.055,943.6,41.4,95.09,153.4,622.2,118.8,31.31,26.7,0.0,41.99,15.5,30.8,1101.0,1424.0,22.6,microstructure_0069.png
STEEL_0070,0.494,0.797,0.325,0.67,0.097,0.245,876.7,51.7,50.35,87.9,313.9,144.8,4.56,55.28,0.0,40.16,11.09,39.4,1404.0,1704.0,21.8,microstructure_0070.png
STEEL_0071,0.317,1.263,0.18,0.447,0.259,0.379,919.7,64.2,83.52,121.8,291.5,66.8,21.98,37.44,0.0,40.59,16.45,42.5,1504.0,1903.0,18.8,microstructure_0071.png
STEEL_0072,0.4,1.478,0.185,1.17,0.148,0.49,801.9,64.4,62.72,51.1,427.3,108.0,0.0,0.0,12.82,87.18,10.0,23.7,864.0,1036.0,25.0,microstructure_0072.png
STEEL_0073,0.518,1.173,0.166,0.164,0.039,0.391,895.5,59.4,90.64,57.6,380.4,76.3,31.06,28.0,0.0,40.94,13.48,44.4,1572.0,2000.0,17.1,microstructure_0073.png
STEEL_0074,0.307,0.77,0.165,1.387,0.663,0.065,894.5,49.9,77.74,54.6,220.2,179.7,16.46,43.34,0.0,40.2,12.27,41.7,1481.0,1850.0,19.7,microstructure_0074.png
STEEL_0075,0.34,1.271,0.366,0.439,0.657,0.011,871.6,86.1,89.36,169.5,541.9,174.3,46.36,11.13,0.0,42.51,13.83,38.6,1372.0,1837.0,17.9,microstructure_0075.png
STEEL_0076,0.356,1.131,0.36,0.15,0.453,0.296,937.3,52.2,99.25,168.0,639.3,144.8,46.98,10.59,0.0,42.43,16.71,32.8,1167.0,1566.0,20.2,microstructure_0076.png
STEEL_0077,0.483,1.433,0.282,0.524,0.308,0.209,820.7,115.9,44.09,185.7,413.1,82.8,0.53,59.39,0.0,40.07,11.43,37.8,1348.0,1620.0,22.8,microstructure_0077.png
STEEL_0078,0.412,0.966,0.32,0.247,0.209,0.078,928.9,45.0,19.79,129.3,357.1,142.2,2.94,56.95,0.0,40.11,14.65,38.9,1380.0,1668.0,22.2,microstructure_0078.png
STEEL_0079,0.328,1.031,0.361,0.178,0.983,0.491,938.0,88.7,61.3,192.0,531.9,93.2,10.41,48.91,0.0,40.68,21.86,32.1,1140.0,1403.0,24.1,microstructure_0079.png
STEEL_0080,0.534,0.927,0.397,0.781,0.636,0.373,892.1,113.2,40.44,26.2,403.8,106.8,0.0,0.0,14.06,85.94,18.19,24.5,882.0,1058.0,25.0,microstructure_0080.png
STEEL_0081,0.418,1.015,0.237,0.166,0.95,0.28,832.3,66.4,88.12,56.5,500.5,168.6,29.51,29.88,0.0,40.62,10.0,38.3,1370.0,1765.0,19.7,microstructure_0081.png
STEEL_0082,0.512,1.393,0.351,0.095,0.015,0.15,887.0,97.4,18.58,147.4,526.8,81.7,0.0,0.0,0.76,99.24,16.3,20.0,727.0,873.0,25.0,microstructure_0082.png
STEEL_0083,0.332,1.417,0.282,0.774,0.974,0.283,847.8,75.3,70.9,144.8,307.7,95.6,2.88,56.98,0.0,40.14,11.04,39.1,1392.0,1683.0,22.1,microstructure_0083.png
STEEL_0084,0.405,0.928,0.205,1.241,0.141,0.306,851.7,96.1,28.84,60.4,410.2,118.1,0.0,0.0,23.61,76.39,12.8,23.4,850.0,1020.0,25.0,microstructure_0084.png
STEEL_0085,0.4,1.145,0.349,0.074,0.625,0.001,876.0,44.6,55.54,163.1,362.8,81.4,48.64,8.4,0.0,42.96,10.25,47.7,1600.0,2000.0,14.1,microstructure_0085.png
STEEL_0086,0.379,0.674,0.362,0.377,0.577,0.464,829.8,115.5,90.03,64.0,390.3,60.6,20.78,38.88,0.0,40.34,12.12,42.5,1510.0,1906.0,18.9,microstructure_0086.png
STEEL_0087,0.548,1.127,0.151,1.47,0.008,0.298,927.5,102.1,54.41,49.2,452.7,104.4,0.0,0.0,9.61,90.39,21.87,21.9,789.0,947.0,25.0,microstructure_0087.png
STEEL_0088,0.366,0.503,0.383,1.326,0.587,0.128,909.9,64.9,62.6,53.4,402.6,129.7,6.86,53.05,0.0,40.1,15.5,39.5,1400.0,1708.0,21.5,microstructure_0088.png
STEEL_0089,0.41,1.474,0.319,0.303,0.504,0.052,842.8,112.1,36.14,32.4,255.8,123.6,8.71,51.15,0.0,40.14,13.03,40.1,1425.0,1747.0,21.1,microstructure_0089.png
STEEL_0090,0.465,0.765,0.182,0.149,0.476,0.453,890.9,45.0,87.21,66.0,530.1,83.5,28.77,30.52,0.0,40.71,11.38,36.3,1297.0,1668.0,20.6,microstructure_0090.png
STEEL_0091,0.369,0.96,0.212,1.345,0.525,0.31,929.1,59.5,53.77,172.6,272.5,61.6,0.0,0.0,11.53,88.47,16.87,25.1,901.0,1082.0,25.0,microstructure_0091.png
STEEL_0092,0.474,1.177,0.26,0.142,0.09,0.42,930.1,90.1,30.08,199.1,468.7,129.8,0.75,59.16,0.0,40.1,20.91,34.1,1209.0,1454.0,24.3,microstructure_0092.png
STEEL_0093,0.574,0.89,0.225,1.166,0.318,0.033,910.5,55.8,69.12,177.5,612.9,105.0,7.01,51.75,0.0,41.25,14.44,26.7,960.0,1173.0,25.0,microstructure_0093.png
STEEL_0094,0.519,1.334,0.389,0.404,0.929,0.18,863.5,119.0,44.98,33.3,297.1,83.0,0.0,0.0,1.62,98.38,15.41,26.1,939.0,1127.0,25.0,microstructure_0094.png
STEEL_0095,0.448,1.105,0.301,0.993,0.609,0.231,857.8,88.3,63.97,23.5,548.0,73.7,0.2,59.8,0.0,40.0,12.78,29.6,1062.0,1275.0,25.0,microstructure_0095.png
STEEL_0096,0.524,0.649,0.239,0.562,0.096,0.278,856.5,49.1,10.97,199.4,313.5,170.9,0.0,0.0,31.96,68.04,10.0,23.4,854.0,1025.0,25.0,microstructure_0096.png
STEEL_0097,0.472,1.314,0.155,0.497,0.893,0.414,933.3,79.4,69.38,68.6,438.9,111.7,0.93,59.04,0.0,40.03,20.04,36.0,1274.0,1533.0,23.5,microstructure_0097.png
STEEL_0098,0.532,0.603,0.397,1.23,0.026,0.143,863.5,100.9,47.97,141.8,267.3,77.8,0.71,59.24,0.0,40.06,14.19,38.5,1367.0,1643.0,22.5,microstructure_0098.png
STEEL_0099,0.465,1.356,0.358,0.33,0.015,0.196,804.3,76.3,79.79,85.9,486.5,163.8,27.4,31.66,0.0,40.94,10.0,38.7,1382.0,1772.0,19.8,microstructure_0099.png
STEEL_0100,0.505,0.579,0.301,0.415,0.311,0.154,914.4,63.1,36.13,171.1,282.9,141.8,5.98,53.46,0.0,40.55,15.76,39.3,1395.0,1699.0,21.7,microstructure_0100.png
STEEL_0101,0.398,1.207,0.156,0.587,0.507,0.259,946.4,62.9,26.39,58.2,330.7,120.1,0.0,0.0,17.43,82.57,19.48,24.4,875.0,1051.0,25.0,microstructure_0101.png
STEEL_0102,0.421,1.308,0.374,0.764,0.083,0.35,808.7,60.8,27.92,81.3,207.1,61.1,0.0,0.0,21.48,78.52,10.0,24.4,890.0,1068.0,25.0,microstructure_0102.png
STEEL_0103,0.313,1.008,0.171,0.844,0.291,0.263,940.6,30.3,89.83,113.2,205.4,137.4,20.94,38.58,0.0,40.48,13.01,42.5,1507.0,1903.0,18.9,microstructure_0103.png
STEEL_0104,0.417,1.07,0.217,0.564,0.76,0.042,854.9,61.9,40.02,102.1,399.8,149.9,6.02,53.76,0.0,40.21,10.5,39.7,1416.0,1725.0,21.5,microstructure_0104.png
STEEL_0105,0.553,0.548,0.322,1.355,0.787,0.384,800.1,47.0,28.69,92.1,384.0,138.5,0.0,0.0,28.23,71.77,10.0,23.8,867.0,1040.0,25.0,microstructure_0105.png
STEEL_0106,0.355,0.624,0.219,0.16,0.888,0.055,817.8,34.0,51.59,20.5,507.9,82.4,42.49,17.13,0.0,40.37,10.0,40.5,1446.0,1919.0,17.5,microstructure_0106.png
STEEL_0107,0.542,0.857,0.238,0.527,0.145,0.448,862.8,113.5,74.59,129.5,367.5,107.2,6.97,52.5,0.0,40.53,14.98,39.6,1404.0,1715.0,21.5,microstructure_0107.png
STEEL_0108,0.513,0.647,0.202,0.587,0.444,0.073,927.2,108.8,18.46,32.0,475.4,117.4,0.0,0.0,10.71,89.29,22.52,20.5,738.0,885.0,25.0,microstructure_0108.png
STEEL_0109,0.553,0.551,0.215,0.514,0.547,0.185,808.7,70.5,22.58,90.4,319.4,100.9,0.0,0.0,9.61,90.39,10.0,25.6,931.0,1118.0,25.0,microstructure_0109.png
STEEL_0110,0.397,1.035,0.278,0.558,0.811,0.368,821.8,44.9,16.13,161.8,279.1,66.8,0.0,0.0,48.39,51.61,10.0,21.7,798.0,957.0,25.0,microstructure_0110.png
STEEL_0111,0.568,1.294,0.2,0.468,0.098,0.055,852.7,76.9,78.7,181.3,291.1,116.6,23.57,32.14,0.0,44.29,11.53,42.3,1505.0,1912.0,18.7,microstructure_0111.png
STEEL_0112,0.496,0.641,0.178,1.311,0.63,0.361,887.7,108.5,54.61,98.0,411.2,127.0,0.0,0.0,12.12,87.88,17.3,24.3,875.0,1050.0,25.0,microstructure_0112.png
STEEL_0113,0.504,0.818,0.337,0.896,0.728,0.029,882.6,43.4,77.44,169.2,221.4,103.8,13.22,45.28,0.0,41.5,10.57,40.9,1457.0,1806.0,20.3,microstructure_0113.png
STEEL_0114,0.393,1.425,0.232,1.054,0.178,0.393,842.1,67.5,45.48,129.0,554.5,103.4,0.0,0.0,17.04,82.96,10.06,20.0,737.0,885.0,25.0,microstructure_0114.png
STEEL_0115,0.564,0.656,0.197,0.718,0.831,0.382,850.3,105.5,59.93,88.0,601.9,154.8,0.0,0.0,3.18,96.82,13.29,20.0,731.0,877.0,25.0,microstructure_0115.png
STEEL_0116,0.391,0.691,0.188,1.056,0.055,0.495,835.4,114.6,39.27,152.8,347.0,92.9,0.0,0.0,14.48,85.52,12.54,25.0,904.0,1084.0,25.0,microstructure_0116.png
STEEL_0117,0.539,0.899,0.228,0.011,0.322,0.124,935.9,62.3,26.19,198.5,562.1,70.9,10.07,48.27,0.0,41.65,18.07,30.1,1075.0,1322.0,24.9,microstructure_0117.png
STEEL_0118,0.363,1.01,0.153,0.188,0.355,0.17,814.2,40.7,16.74,113.7,230.1,124.2,0.0,0.0,1.62,98.38,10.0,26.4,959.0,1151.0,25.0,microstructure_0118.png
STEEL_0119,0.418,0.582,0.318,0.199,0.231,0.206,844.3,72.2,47.69,148.1,228.5,79.6,25.11,33.79,0.0,41.1,10.56,43.3,1541.0,1966.0,18.2,microstructure_0119.png
STEEL_0120,0.534,1.364,0.179,0.071,0.501,0.289,837.5,87.4,21.7,185.9,636.1,151.4,0.0,0.0,7.33,92.67,11.1,20.0,735.0,882.0,25.0,microstructure_0120.png
STEEL_0121,0.342,0.711,0.254,1.417,0.432,0.145,852.7,58.7,77.94,46.8,429.6,144.0,11.26,48.6,0.0,40.14,10.06,39.0,1394.0,1719.0,21.3,microstructure_0121.png
STEEL_0122,0.548,1.341,0.333,1.496,0.263,0.384,893.2,102.4,93.64,45.4,498.4,114.3,0.0,0.0,6.48,93.52,17.43,20.0,726.0,871.0,25.0,microstructure_0122.png
STEEL_0123,0.432,1.105,0.258,0.274,0.094,0.313,856.9,62.4,72.51,141.7,350.8,119.5,23.55,35.23,0.0,41.22,10.68,43.0,1529.0,1943.0,18.4,microstructure_0123.png
STEEL_0124,0.469,0.677,0.284,1.254,0.277,0.371,864.5,37.4,64.29,150.1,237.6,166.3,0.0,0.0,3.27,96.73,10.0,26.3,953.0,1144.0,25.0,microstructure_0124.png
STEEL_0125,0.346,1.365,0.157,0.31,0.462,0.089,916.1,43.7,62.66,178.3,309.5,172.7,30.18,27.99,0.0,41.83,13.26,44.0,1561.0,2000.0,17.4,microstructure_0125.png
STEEL_0126,0.351,1.181,0.299,0.038,0.503,0.067,840.1,84.3,21.98,65.2,432.4,157.4,12.24,47.57,0.0,40.19,11.1,39.0,1389.0,1718.0,21.2,microstructure_0126.png
STEEL_0127,0.378,1.417,0.264,1.138,0.366,0.187,924.5,53.0,15.19,109.6,645.9,64.6,0.0,0.0,50.93,49.07,15.44,20.0,728.0,874.0,25.0,microstructure_0127.png
STEEL_0128,0.541,0.779,0.173,0.043,0.487,0.351,822.5,62.2,54.17,185.1,588.0,129.3,16.83,40.78,0.0,42.39,10.0,30.2,1089.0,1362.0,24.2,microstructure_0128.png
STEEL_0129,0.445,0.569,0.388,0.169,0.92,0.126,864.9,36.4,95.32,105.6,630.1,178.5,55.65,2.41,0.0,41.93,10.0,35.5,1273.0,1740.0,18.2,microstructure_0129.png
STEEL_0130,0.59,1.273,0.32,0.306,0.03,0.365,916.7,100.6,96.55,125.1,379.5,60.2,18.15,40.05,0.0,41.8,20.2,41.4,1461.0,1833.0,19.6,microstructure_0130.png
STEEL_0131,0.551,1.389,0.267,0.49,0.2,0.232,826.1,36.9,33.01,168.4,502.1,166.7,0.0,0.0,7.23,92.77,10.0,20.0,737.0,885.0,25.0,microstructure_0131.png
STEEL_0132,0.596,0.71,0.291,1.081,0.674,0.021,875.6,88.4,95.18,113.6,458.2,147.6,14.65,44.03,0.0,41.32,14.4,37.5,1333.0,1658.0,21.5,microstructure_0132.png
STEEL_0133,0.568,1.261,0.335,0.392,0.958,0.405,836.0,31.1,68.95,78.9,453.3,134.1,0.0,0.0,0.4,99.6,10.0,23.3,853.0,1023.0,25.0,microstructure_0133.png
STEEL_0134,0.438,1.356,0.178,0.314,0.942,0.119,862.5,70.8,53.0,192.8,406.8,171.8,9.46,49.34,0.0,41.2,11.81,39.7,1413.0,1736.0,21.2,microstructure_0134.png
STEEL_0135,0.339,0.689,0.25,1.086,0.411,0.348,922.7,98.0,29.74,140.5,449.7,100.0,0.0,0.0,22.91,77.09,20.74,20.8,751.0,902.0,25.0,microstructure_0135.png
STEEL_0136,0.565,0.968,0.157,1.273,0.523,0.289,858.4,51.8,40.55,48.7,647.0,86.2,0.0,0.0,26.66,73.34,10.0,20.0,737.0,885.0,25.0,microstructure_0136.png
STEEL_0137,0.391,1.299,0.308,1.255,0.107,0.16,892.6,34.1,21.98,46.5,374.6,159.4,0.0,0.0,49.27,50.73,10.01,21.7,794.0,953.0,25.0,microstructure_0137.png
STEEL_0138,0.463,0.98,0.294,0.571,0.696,0.34,873.5,101.3,65.08,124.4,378.0,61.0,3.11,56.71,0.0,40.17,15.19,38.9,1380.0,1668.0,22.1,microstructure_0138.png
STEEL_0139,0.308,1.176,0.356,0.843,0.934,0.106,868.2,60.3,45.48,84.5,294.2,90.9,2.48,57.48,0.0,40.05,11.32,39.0,1389.0,1677.0,22.2,microstructure_0139.png
STEEL_0140,0.536,0.595,0.323,0.699,0.158,0.08,926.6,59.9,27.03,155.9,261.8,96.1,0.0,0.0,1.36,98.64,16.64,26.1,937.0,1124.0,25.0,microstructure_0140.png
STEEL_0141,0.31,0.701,0.369,1.411,0.36,0.452,818.2,99.0,48.53,121.8,338.0,94.8,0.0,0.0,16.54,83.46,10.39,24.9,905.0,1087.0,25.0,microstructure_0141.png
STEEL_0142,0.468,1.251,0.158,0.916,0.15,0.336,840.2,52.1,19.79,52.0,508.5,80.9,0.0,0.0,39.21,60.79,10.0,20.0,737.0,885.0,25.0,microstructure_0142.png
STEEL_0143,0.495,1.415,0.396,1.223,0.015,0.236,863.3,111.0,84.52,127.9,574.8,144.0,2.86,56.92,0.0,40.22,14.86,28.3,1017.0,1229.0,25.0,microstructure_0143.png
STEEL_0144,0.312,1.187,0.255,1.4,0.919,0.349,942.2,106.4,99.51,91.7,231.8,127.7,2.42,57.53,0.0,40.06,24.62,38.5,1358.0,1639.0,22.4,microstructure_0144.png
STEEL_0145,0.407,1.002,0.213,1.041,0.552,0.122,931.3,43.1,53.17,116.3,294.3,90.6,2.73,57.16,0.0,40.11,14.57,38.8,1379.0,1666.0,22.2,microstructure_0145.png
STEEL_0146,0.36,1.357,0.359,0.319,0.709,0.2,908.3,60.7,73.84,78.9,500.4,127.6,20.66,38.88,0.0,40.46,14.83,36.3,1292.0,1630.0,21.4,microstructure_0146.png
STEEL_0147,0.477,1.107,0.367,0.86,0.632,0.028,837.2,60.3,91.84,101.7,558.0,76.3,19.01,40.07,0.0,40.91,10.0,32.7,1176.0,1479.0,23.0,microstructure_0147.png
STEEL_0148,0.388,1.338,0.356,0.376,0.794,0.437,882.3,79.0,33.82,139.9,262.7,79.0,0.0,0.0,17.11,82.89,14.24,24.6,889.0,1067.0,25.0,microstructure_0148.png
STEEL_0149,0.561,0.961,0.269,0.364,0.23,0.123,833.5,85.5,20.02,46.9,544.7,146.8,0.0,0.0,7.11,92.89,10.69,20.0,736.0,883.0,25.0,microstructure_0149.png
STEEL_0150,0.552,1.453,0.298,0.905,0.976,0.164,897.5,74.6,15.02,115.5,372.6,157.3,0.0,0.0,28.31,71.69,15.3,23.4,847.0,1017.0,25.0,microstructure_0150.png
STEEL_0151,0.454,0.885,0.39,1.122,0.917,0.127,900.3,112.5,14.51,158.4,312.3,157.7,0.0,0.0,41.0,59.0,19.15,22.0,795.0,954.0,25.0,microstructure_0151.png
STEEL_0152,0.378,0.72,0.277,1.162,0.041,0.333,814.8,70.0,52.03,163.3,608.8,108.4,1.16,58.79,0.0,40.06,10.0,26.3,954.0,1148.0,25.0,microstructure_0152.png
STEEL_0153,0.377,1.492,0.282,1.113,0.949,0.432,838.4,48.2,18.18,112.7,631.1,65.7,0.0,0.0,51.02,48.98,10.0,20.0,737.0,885.0,25.0,microstructure_0153.png
STEEL_0154,0.338,1.08,0.17,0.695,0.929,0.426,841.3,99.3,55.33,194.5,431.4,128.7,0.0,0.0,2.76,97.24,12.13,24.3,881.0,1057.0,25.0,microstructure_0154.png
STEEL_0155,0.459,0.834,0.251,1.108,0.936,0.294,881.5,34.5,47.32,110.9,277.7,108.4,0.0,0.0,15.62,84.38,10.0,25.0,911.0,1093.0,25.0,microstructure_0155.png
STEEL_0156,0.461,1.303,0.17,0.784,0.328,0.048,803.8,49.2,48.36,24.4,379.5,120.7,6.12,53.77,0.0,40.11,10.0,39.8,1420.0,1730.0,21.5,microstructure_0156.png
STEEL_0157,0.329,0.995,0.366,0.604,0.691,0.447,852.8,37.6,19.43,87.6,250.6,149.7,0.0,0.0,57.3,42.7,10.0,20.9,767.0,920.0,25.0,microstructure_0157.png
STEEL_0158,0.395,0.535,0.155,0.177,0.519,0.237,829.5,34.7,90.17,72.8,537.3,77.3,94.86,0.0,0.0,5.14,10.0,56.3,1600.0,2000.0,6.0,microstructure_0158.png
STEEL_0159,0.526,0.83,0.252,0.24,0.277,0.377,829.7,46.9,15.66,144.4,574.2,147.2,0.0,0.0,31.63,68.37,10.0,20.0,737.0,885.0,25.0,microstructure_0159.png
STEEL_0160,0.319,1.417,0.229,1.32,0.408,0.292,849.0,57.1,27.9,147.4,487.4,91.4,0.0,0.0,58.51,41.49,10.0,20.0,737.0,885.0,25.0,microstructure_0160.png
STEEL_0161,0.378,1.093,0.382,0.216,0.801,0.148,930.8,109.2,75.62,114.0,620.0,93.7,32.32,26.62,0.0,41.06,23.12,31.1,1104.0,1432.0,22.3,microstructure_0161.png
STEEL_0162,0.303,0.747,0.186,0.337,0.632,0.343,836.7,92.9,36.36,145.5,589.2,150.0,6.04,53.79,0.0,40.17,11.39,28.3,1021.0,1244.0,25.0,microstructure_0162.png
STEEL_0163,0.521,0.938,0.269,0.978,0.16,0.394,947.3,73.4,41.84,107.8,302.9,163.1,0.0,0.0,12.78,87.22,21.16,24.8,889.0,1066.0,25.0,microstructure_0163.png
STEEL_0164,0.479,1.251,0.265,0.313,0.872,0.447,932.8,55.5,59.04,196.3,469.4,68.6,0.89,58.96,0.0,40.14,16.71,34.2,1217.0,1464.0,24.2,microstructure_0164.png
STEEL_0165,0.326,0.612,0.24,1.341,0.559,0.131,855.0,39.9,72.31,153.1,552.5,123.1,11.71,47.85,0.0,40.44,10.0,31.7,1141.0,1409.0,24.2,microstructure_0165.png
STEEL_0166,0.51,0.509,0.221,0.972,0.404,0.434,896.2,85.1,33.9,130.6,254.3,84.9,0.0,0.0,16.24,83.76,16.21,24.6,887.0,1064.0,25.0,microstructure_0166.png
STEEL_0167,0.449,0.637,0.158,0.073,0.645,0.332,802.7,83.4,10.95,40.5,585.5,115.4,0.0,0.0,20.08,79.92,10.0,20.0,737.0,885.0,25.0,microstructure_0167.png
STEEL_0168,0.57,0.92,0.212,0.953,0.821,0.418,892.8,49.3,46.78,67.6,430.6,100.6,0.0,0.0,26.04,73.96,12.06,22.0,802.0,963.0,25.0,microstructure_0168.png
STEEL_0169,0.32,0.691,0.325,0.578,0.574,0.189,913.3,79.6,10.27,148.7,321.7,80.0,0.0,0.0,58.42,41.58,17.56,20.4,738.0,886.0,25.0,microstructure_0169.png
STEEL_0170,0.581,1.266,0.206,0.458,0.731,0.492,838.4,65.4,15.9,63.3,228.8,170.2,0.0,0.0,24.57,75.43,10.0,24.1,880.0,1056.0,25.0,microstructure_0170.png
STEEL_0171,0.382,1.463,0.156,0.539,0.03,0.149,873.4,37.9,85.37,185.6,456.8,140.5,29.75,27.94,0.0,42.31,10.0,40.7,1450.0,1870.0,18.8,microstructure_0171.png
STEEL_0172,0.547,1.421,0.363,0.724,0.126,0.307,889.2,39.2,24.85,177.2,646.6,71.8,0.0,0.0,28.99,71.01,10.5,20.0,736.0,884.0,25.0,microstructure_0172.png
STEEL_0173,0.483,0.88,0.188,0.221,0.658,0.096,893.3,92.7,70.95,112.5,592.7,89.5,33.97,24.4,0.0,41.63,16.59,33.1,1180.0,1536.0,21.3,microstructure_0173.png
STEEL_0174,0.309,1.267,0.196,0.378,0.017,0.478,920.3,40.6,68.48,69.2,488.8,117.6,18.18,41.57,0.0,40.25,13.14,36.6,1305.0,1638.0,21.5,microstructure_0174.png
STEEL_0175,0.503,1.481,0.199,0.49,0.292,0.341,905.1,109.7,17.03,37.7,217.8,121.1,0.0,0.0,34.71,65.29,19.52,22.7,816.0,979.0,25.0,microstructure_0175.png
STEEL_0176,0.539,0.546,0.224,0.135,0.012,0.295,846.4,69.6,15.23,157.8,454.3,70.9,0.0,0.0,6.02,93.98,10.51,22.7,829.0,995.0,25.0,microstructure_0176.png
STEEL_0177,0.57,1.332,0.344,1.1,0.557,0.038,873.0,57.9,80.36,162.6,318.4,153.2,4.83,54.3,0.0,40.87,11.46,39.3,1399.0,1699.0,21.8,microstructure_0177.png
STEEL_0178,0.455,1.084,0.215,0.958,0.912,0.14,842.3,92.1,72.12,147.5,431.5,91.3,3.78,55.91,0.0,40.3,11.77,37.3,1329.0,1610.0,22.7,microstructure_0178.png
STEEL_0179,0.564,1.173,0.37,1.344,0.992,0.127,803.8,92.6,42.88,28.2,372.2,85.2,0.0,0.0,26.79,73.21,10.0,23.9,872.0,1046.0,25.0,microstructure_0179.png
STEEL_0180,0.37,1.209,0.294,0.79,0.958,0.407,835.0,81.0,33.21,183.9,495.1,162.1,0.0,0.0,51.91,48.09,10.51,20.0,736.0,884.0,25.0,microstructure_0180.png
STEEL_0181,0.573,1.151,0.261,0.17,0.526,0.019,932.3,110.9,40.69,153.3,446.9,80.4,14.19,43.96,0.0,41.84,23.52,37.7,1331.0,1654.0,21.5,microstructure_0181.png
STEEL_0182,0.453,0.767,0.357,0.954,0.651,0.062,820.7,39.9,25.92,180.1,341.1,94.4,0.0,0.0,13.84,86.16,10.0,25.2,917.0,1100.0,25.0,microstructure_0182.png
STEEL_0183,0.55,1.129,0.37,1.315,0.857,0.412,947.1,88.5,94.34,63.2,619.0,77.6,0.0,0.0,8.72,91.28,23.2,20.0,721.0,865.0,25.0,microstructure_0183.png
STEEL_0184,0.505,1.022,0.192,0.712,0.918,0.038,947.4,75.3,84.73,136.8,617.9,107.9,16.53,42.08,0.0,41.39,21.44,28.0,1000.0,1249.0,25.0,microstructure_0184.png
STEEL_0185,0.37,1.413,0.351,1.121,0.836,0.318,833.7,30.8,61.37,73.2,559.7,84.8,0.0,0.0,14.17,85.83,10.0,20.0,737.0,885.0,25.0,microstructure_0185.png
STEEL_0186,0.592,0.63,0.248,0.392,0.28,0.42,894.1,34.8,32.12,183.2,408.2,95.9,0.0,0.0,5.77,94.23,10.22,25.5,927.0,1112.0,25.0,microstructure_0186.png
STEEL_0187,0.42,0.848,0.202,0.694,0.842,0.437,942.6,114.2,34.5,193.1,362.5,126.9,0.0,0.0,20.18,79.82,25.58,24.0,857.0,1028.0,25.0,microstructure_0187.png
STEEL_0188,0.359,1.171,0.281,0.988,0.409,0.261,942.7,55.7,90.08,159.5,597.3,143.8,10.19,49.26,0.0,40.55,17.87,28.3,1011.0,1244.0,25.0,microstructure_0188.png
STEEL_0189,0.575,1.175,0.253,0.423,0.299,0.101,809.1,48.5,19.46,163.5,238.5,132.4,0.0,0.0,9.74,90.26,10.0,25.6,931.0,1117.0,25.0,microstructure_0189.png
STEEL_0190,0.435,0.962,0.381,0.118,0.116,0.156,804.5,111.2,14.75,161.0,297.3,133.3,0.0,0.0,3.44,96.56,10.06,26.2,952.0,1143.0,25.0,microstructure_0190.png
STEEL_0191,0.594,0.593,0.33,0.048,0.705,0.052,858.5,76.2,19.77,77.5,498.5,61.9,4.15,55.65,0.0,40.2,11.92,33.3,1193.0,1447.0,24.3,microstructure_0191.png
STEEL_0192,0.539,1.177,0.205,0.457,0.372,0.072,826.0,83.7,31.29,34.9,544.7,177.3,0.8,59.17,0.0,40.02,10.06,30.0,1084.0,1303.0,25.0,microstructure_0192.png
STEEL_0193,0.315,1.26,0.178,0.238,0.176,0.088,919.4,84.7,74.96,95.7,396.1,70.5,94.59,0.0,0.0,5.41,18.87,64.0,1600.0,2000.0,5.0,microstructure_0193.png
STEEL_0194,0.434,0.705,0.382,0.071,0.061,0.104,916.3,86.5,35.62,31.9,385.7,157.0,31.45,28.16,0.0,40.39,18.69,44.4,1565.0,2000.0,17.1,microstructure_0194.png
STEEL_0195,0.568,0.955,0.355,0.727,0.303,0.403,913.1,33.0,50.5,150.6,251.6,117.5,0.0,0.0,6.77,93.23,11.3,25.8,935.0,1122.0,25.0,microstructure_0195.png
STEEL_0196,0.407,1.458,0.339,0.526,0.768,0.361,833.2,32.4,37.73,115.5,432.7,169.6,0.0,0.0,16.88,83.12,10.0,22.9,839.0,1006.0,25.0,microstructure_0196.png
STEEL_0197,0.457,1.445,0.232,0.032,0.445,0.49,833.3,80.8,74.17,119.4,276.8,107.3,19.45,39.5,0.0,41.05,10.38,42.2,1504.0,1892.0,19.2,microstructure_0197.png
STEEL_0198,0.446,1.495,0.302,0.091,0.292,0.092,876.4,104.9,52.7,145.3,478.3,160.2,28.58,29.52,0.0,41.9,15.77,38.9,1380.0,1774.0,19.6,microstructure_0198.png
STEEL_0199,0.47,1.239,0.341,1.237,0.76,0.034,860.1,60.1,95.75,68.1,267.2,164.0,10.21,49.43,0.0,40.37,10.71,40.5,1443.0,1776.0,20.8,microstructure_0199.png
STEEL_0200,0.451,0.923,0.38,0.083,0.29,0.251,847.3,110.1,47.76,175.2,228.5,147.9,19.8,38.62,0.0,41.58,13.31,42.0,1491.0,1877.0,19.2,microstructure_0200.png
STEEL_0201,0.543,0.733,0.22,0.449,0.388,0.154,857.8,36.1,90.82,198.1,473.9,113.4,25.87,29.72,0.0,44.41,10.0,38.4,1374.0,1755.0,20.0,microstructure_0201.png
STEEL_0202,0.558,1.436,0.223,1.095,0.088,0.206,800.5,50.8,38.72,75.3,315.4,79.0,0.0,0.0,11.67,88.33,10.0,25.4,924.0,1109.0,25.0,microstructure_0202.png
STEEL_0203,0.376,1.132,0.156,0.351,0.472,0.456,848.4,63.7,71.36,103.0,442.4,135.3,12.29,47.37,0.0,40.35,10.19,38.4,1372.0,1697.0,21.4,microstructure_0203.png
STEEL_0204,0.466,1.002,0.219,0.733,0.794,0.227,829.6,86.5,36.84,47.1,331.8,159.6,0.0,0.0,12.14,87.86,10.48,25.3,920.0,1104.0,25.0,microstructure_0204.png
STEEL_0205,0.554,0.541,0.236,0.517,0.233,0.078,889.4,53.1,25.4,152.5,473.3,165.3,0.88,59.04,0.0,40.08,12.24,34.2,1223.0,1470.0,24.2,microstructure_0205.png
STEEL_0206,0.373,0.787,0.152,0.155,0.341,0.499,800.5,72.3,70.76,156.2,299.3,175.7,26.21,32.66,0.0,41.14,10.0,43.6,1551.0,1984.0,17.9,microstructure_0206.png
STEEL_0207,0.55,1.011,0.172,1.369,0.062,0.364,909.5,113.2,72.4,74.0,635.6,79.2,0.0,0.0,4.13,95.87,20.42,20.0,723.0,868.0,25.0,microstructure_0207.png
STEEL_0208,0.561,1.057,0.293,0.453,0.326,0.333,939.7,60.8,25.08,33.0,569.0,101.8,0.0,0.0,12.98,87.02,18.31,20.0,725.0,870.0,25.0,microstructure_0208.png
STEEL_0209,0.352,0.636,0.388,1.397,0.943,0.347,803.7,97.1,58.16,135.8,323.1,73.6,0.0,0.0,13.58,86.42,10.0,25.2,918.0,1101.0,25.0,microstructure_0209.png
STEEL_0210,0.321,0.787,0.202,1.093,0.316,0.373,943.0,118.9,81.55,45.9,255.4,157.5,9.48,50.42,0.0,40.1,26.17,39.9,1404.0,1725.0,21.1,microstructure_0210.png
STEEL_0211,0.466,1.308,0.164,0.879,0.232,0.27,812.9,85.1,45.12,65.0,460.0,117.6,0.0,0.0,7.84,92.16,10.0,22.2,813.0,976.0,25.0,microstructure_0211.png
STEEL_0212,0.546,1.248,0.278,0.417,0.53,0.081,824.3,33.3,88.49,22.9,348.3,165.0,24.91,34.43,0.0,40.66,10.0,43.4,1546.0,1970.0,18.1,microstructure_0212.png
STEEL_0213,0.47,0.855,0.315,1.063,0.346,0.165,811.1,105.8,26.02,84.6,247.2,132.7,0.0,0.0,18.46,81.54,10.24,24.7,900.0,1079.0,25.0,microstructure_0213.png
STEEL_0214,0.387,1.289,0.269,1.185,0.783,0.239,907.5,103.7,72.77,77.0,576.6,107.9,0.0,0.0,0.42,99.58,19.29,20.0,724.0,869.0,25.0,microstructure_0214.png
STEEL_0215,0.372,0.627,0.274,0.458,0.081,0.309,934.3,112.5,53.99,112.7,486.7,167.4,16.96,42.63,0.0,40.41,24.02,36.1,1277.0,1597.0,21.9,microstructure_0215.png
STEEL_0216,0.418,1.037,0.311,1.234,0.672,0.218,937.5,112.8,50.34,97.1,446.0,160.0,0.0,0.0,12.03,87.97,24.58,22.0,791.0,949.0,25.0,microstructure_0216.png
STEEL_0217,0.492,1.206,0.362,0.777,0.899,0.04,908.6,66.5,15.34,95.6,363.6,136.7,0.0,0.0,36.11,63.89,15.56,22.7,820.0,984.0,25.0,microstructure_0217.png
STEEL_0218,0.314,1.477,0.291,1.023,0.605,0.218,923.5,114.6,72.73,165.3,281.4,176.4,4.68,55.07,0.0,40.25,22.56,38.9,1375.0,1669.0,22.0,microstructure_0218.png
STEEL_0219,0.374,0.874,0.307,0.573,0.691,0.344,811.4,52.8,70.39,182.2,529.0,73.6,8.48,50.94,0.0,40.58,10.0,32.4,1166.0,1429.0,24.2,microstructure_0219.png
STEEL_0220,0.532,1.197,0.154,0.346,0.045,0.126,815.3,102.2,17.51,62.7,412.0,167.0,0.0,0.0,9.03,90.97,10.36,24.9,907.0,1088.0,25.0,microstructure_0220.png
STEEL_0221,0.39,1.447,0.218,0.284,0.314,0.206,860.3,71.2,74.07,59.3,521.9,128.8,26.49,33.0,0.0,40.51,11.67,36.3,1298.0,1661.0,20.8,microstructure_0221.png
STEEL_0222,0.407,0.659,0.275,0.734,0.737,0.465,828.7,43.5,60.66,88.3,511.0,156.7,0.44,59.55,0.0,40.01,10.0,32.0,1152.0,1384.0,25.0,microstructure_0222.png
STEEL_0223,0.341,1.454,0.249,0.803,0.923,0.065,879.5,84.9,93.45,96.8,217.8,128.0,20.16,39.27,0.0,40.57,14.48,42.2,1496.0,1886.0,19.1,microstructure_0223.png
STEEL_0224,0.481,0.849,0.188,0.255,0.652,0.176,818.8,42.3,69.71,109.4,463.4,94.1,24.52,34.35,0.0,41.12,10.0,39.5,1409.0,1794.0,19.8,microstructure_0224.png
STEEL_0225,0.566,0.716,0.261,0.775,0.994,0.384,903.5,76.0,95.95,143.2,485.0,142.5,2.75,56.93,0.0,40.32,16.07,33.6,1198.0,1447.0,24.3,microstructure_0225.png
STEEL_0226,0.383,0.743,0.318,0.938,0.376,0.401,935.6,63.8,67.92,155.2,310.4,93.3,3.32,56.51,0.0,40.16,18.25,38.8,1374.0,1662.0,22.1,microstructure_0226.png
STEEL_0227,0.51,1.06,0.305,1.428,0.319,0.363,923.2,54.4,20.07,108.6,307.5,81.8,0.0,0.0,33.79,66.21,15.5,22.9,828.0,993.0,25.0,microstructure_0227.png
STEEL_0228,0.494,1.094,0.151,0.199,0.963,0.49,832.4,51.1,72.93,34.9,293.4,163.4,7.75,52.06,0.0,40.19,10.0,40.1,1431.0,1750.0,21.2,microstructure_0228.png
STEEL_0229,0.345,1.014,0.344,1.112,0.645,0.052,945.6,111.0,73.15,118.4,577.1,171.0,13.52,46.06,0.0,40.42,25.72,30.0,1064.0,1320.0,24.7,microstructure_0229.png
STEEL_0230,0.368,1.335,0.178,0.046,0.439,0.11,884.2,74.0,85.03,109.6,417.7,140.5,91.5,0.0,0.0,8.5,13.95,61.9,1600.0,2000.0,5.0,microstructure_0230.png
STEEL_0231,0.332,1.198,0.272,0.157,0.098,0.245,825.0,47.3,31.34,115.9,589.6,133.4,11.76,47.95,0.0,40.28,10.0,29.5,1065.0,1316.0,25.0,microstructure_0231.png
STEEL_0232,0.595,1.179,0.358,0.011,0.504,0.417,939.6,59.3,26.48,163.3,471.9,177.7,0.0,0.0,4.29,95.71,18.08,21.4,775.0,930.0,25.0,microstructure_0232.png
STEEL_0233,0.351,0.759,0.329,0.132,0.138,0.082,838.6,62.4,77.74,96.2,545.7,131.6,94.68,0.0,0.0,5.32,10.0,55.7,1600.0,2000.0,6.2,microstructure_0233.png
STEEL_0234,0.333,0.629,0.364,0.47,0.933,0.411,913.8,43.7,28.87,111.0,257.2,81.9,0.0,0.0,15.39,84.61,13.06,24.8,899.0,1078.0,25.0,microstructure_0234.png
STEEL_0235,0.483,1.114,0.384,0.567,0.401,0.095,905.7,113.6,86.32,36.2,647.8,149.7,23.15,36.34,0.0,40.5,19.96,27.8,992.0,1259.0,24.6,microstructure_0235.png
STEEL_0236,0.385,1.085,0.151,0.995,0.078,0.38,936.3,34.5,59.82,45.4,366.0,160.4,1.79,58.18,0.0,40.03,13.49,38.7,1376.0,1659.0,22.3,microstructure_0236.png
STEEL_0237,0.339,0.678,0.152,0.738,0.651,0.233,807.5,34.9,34.96,186.0,489.3,140.7,0.24,59.75,0.0,40.01,10.0,33.3,1195.0,1435.0,24.7,microstructure_0237.png
STEEL_0238,0.315,0.924,0.273,1.134,0.598,0.076,800.1,86.8,54.51,59.2,576.3,143.2,7.88,52.02,0.0,40.11,10.0,29.6,1067.0,1306.0,25.0,microstructure_0238.png
STEEL_0239,0.381,0.546,0.355,0.395,0.831,0.1,806.8,113.6,36.73,146.2,508.4,115.1,10.12,49.47,0.0,40.41,10.31,34.0,1220.0,1501.0,23.4,microstructure_0239.png
STEEL_0240,0.557,1.358,0.194,1.487,0.645,0.47,887.7,41.1,67.1,130.0,337.7,164.3,0.0,0.0,27.6,72.4,10.65,23.8,866.0,1039.0,25.0,microstructure_0240.png
STEEL_0241,0.365,0.828,0.291,1.396,0.665,0.26,879.9,90.1,44.96,121.1,325.2,172.5,0.0,0.0,17.0,83.0,14.95,24.6,887.0,1065.0,25.0,microstructure_0241.png
STEEL_0242,0.303,0.888,0.225,1.01,0.007,0.001,942.2,104.8,48.28,116.2,462.3,178.6,22.04,37.51,0.0,40.45,24.44,38.6,1362.0,1724.0,20.4,microstructure_0242.png
STEEL_0243,0.571,0.554,0.368,0.918,0.479,0.024,943.0,45.0,98.67,101.1,241.7,115.0,25.56,32.88,0.0,41.56,16.1,43.0,1522.0,1944.0,18.2,microstructure_0243.png
STEEL_0244,0.379,1.315,0.173,0.212,0.597,0.382,811.8,55.2,51.66,29.0,304.0,177.7,8.5,51.38,0.0,40.11,10.0,40.3,1436.0,1760.0,21.0,microstructure_0244.png
STEEL_0245,0.542,1.019,0.352,0.376,0.609,0.425,829.4,56.1,47.96,84.8,443.5,114.2,0.0,0.0,3.67,96.33,10.0,23.6,862.0,1034.0,25.0,microstructure_0245.png
STEEL_0246,0.441,0.618,0.209,1.32,0.709,0.287,879.6,79.1,58.05,189.6,447.0,83.6,0.0,0.0,7.14,92.86,13.99,22.8,827.0,992.0,25.0,microstructure_0246.png
STEEL_0247,0.586,0.94,0.325,0.739,0.606,0.161,858.5,46.3,13.85,42.7,390.3,68.4,0.0,0.0,23.88,76.12,10.0,24.2,882.0,1059.0,25.0,microstructure_0247.png
STEEL_0248,0.32,0.733,0.325,1.102,0.2,0.371,948.3,103.5,55.73,185.1,233.8,94.9,2.38,57.5,0.0,40.12,25.28,38.4,1356.0,1637.0,22.4,microstructure_0248.png
STEEL_0249,0.358,0.534,0.328,0.499,0.438,0.408,804.1,40.7,76.33,138.7,626.4,90.6,18.41,41.0,0.0,40.59,10.0,28.6,1033.0,1296.0,24.7,microstructure_0249.png
STEEL_0250,0.467,0.649,0.177,0.046,0.502,0.337,876.6,79.6,70.91,28.8,444.3,130.3,38.17,21.24,0.0,40.59,13.75,43.2,1531.0,2000.0,16.9,microstructure_0250.png
STEEL_0251,0.409,0.882,0.389,0.09,0.221,0.198,825.4,37.1,82.96,35.8,370.6,83.7,96.19,0.0,0.0,3.81,10.0,65.0,1600.0,2000.0,5.0,microstructure_0251.png
STEEL_0252,0.303,1.095,0.342,0.555,0.544,0.426,922.5,109.9,41.14,91.2,531.6,158.8,0.0,0.0,2.7,97.3,21.94,20.0,722.0,866.0,25.0,microstructure_0252.png
STEEL_0253,0.535,0.527,0.169,0.186,0.373,0.356,828.6,34.4,81.81,143.9,209.3,164.8,29.55,28.21,0.0,42.24,10.0,44.0,1567.0,2000.0,17.4,microstructure_0253.png
STEEL_0254,0.445,1.294,0.385,1.403,0.712,0.298,890.9,52.4,25.51,95.7,636.5,79.0,0.0,0.0,42.21,57.79,12.27,20.0,733.0,879.0,25.0,microstructure_0254.png
STEEL_0255,0.52,0.91,0.195,0.169,0.286,0.244,838.1,101.6,78.63,49.6,256.2,164.6,33.37,25.75,0.0,40.88,12.02,44.9,1594.0,2000.0,16.7,microstructure_0255.png
STEEL_0256,0.536,0.889,0.362,1.346,0.143,0.165,884.5,100.7,47.74,190.2,572.4,150.2,0.0,0.0,6.63,93.37,16.3,20.0,727.0,873.0,25.0,microstructure_0256.png
STEEL_0257,0.307,0.946,0.211,0.01,0.529,0.447,804.6,89.0,27.93,58.4,471.3,116.5,8.17,51.74,0.0,40.09,10.0,35.9,1287.0,1576.0,22.8,microstructure_0257.png
STEEL_0258,0.469,0.647,0.304,0.935,0.649,0.361,869.9,49.5,53.86,120.5,627.7,166.9,0.0,0.0,6.66,93.34,10.37,20.0,737.0,884.0,25.0,microstructure_0258.png
STEEL_0259,0.474,1.499,0.387,1.058,0.106,0.079,909.8,47.4,81.53,94.9,327.7,96.3,10.3,49.21,0.0,40.48,13.24,40.3,1433.0,1764.0,20.8,microstructure_0259.png
STEEL_0260,0.372,0.573,0.22,0.563,0.437,0.245,859.4,42.0,74.34,20.5,545.7,94.8,23.84,35.94,0.0,40.22,10.0,34.6,1240.0,1577.0,21.8,microstructure_0260.png
STEEL_0261,0.534,0.846,0.189,0.053,0.394,0.032,922.6,33.4,65.04,36.6,226.8,158.6,93.09,0.0,0.0,6.91,12.11,63.7,1600.0,2000.0,5.0,microstructure_0261.png
STEEL_0262,0.344,0.609,0.309,1.059,0.213,0.499,826.8,43.2,14.8,76.4,537.8,91.5,0.0,0.0,55.34,44.66,10.0,20.0,737.0,885.0,25.0,microstructure_0262.png
STEEL_0263,0.588,1.08,0.194,0.693,0.912,0.08,840.3,107.4,81.9,27.0,448.3,175.6,9.83,49.82,0.0,40.35,12.54,37.4,1333.0,1639.0,22.1,microstructure_0263.png
STEEL_0264,0.311,0.911,0.234,0.309,0.104,0.125,833.7,41.4,70.67,88.7,504.5,138.7,56.27,2.9,0.0,40.83,10.0,43.4,1545.0,2000.0,15.0,microstructure_0264.png
STEEL_0265,0.446,1.167,0.202,0.807,0.757,0.046,832.4,89.4,17.19,29.6,582.9,107.6,0.0,0.0,42.08,57.92,10.85,20.0,736.0,883.0,25.0,microstructure_0265.png
STEEL_0266,0.598,0.761,0.32,0.946,0.627,0.246,900.2,97.0,12.13,25.4,638.9,121.4,0.0,0.0,22.29,77.71,17.77,20.0,726.0,871.0,25.0,microstructure_0266.png
STEEL_0267,0.494,0.859,0.396,0.724,0.806,0.075,902.2,110.5,62.26,115.5,532.1,114.2,7.85,51.7,0.0,40.45,19.22,31.7,1128.0,1380.0,24.5,microstructure_0267.png
STEEL_0268,0.312,0.588,0.203,1.36,0.401,0.112,806.8,69.6,18.15,122.4,333.4,73.7,0.0,0.0,28.07,71.93,10.0,23.8,868.0,1041.0,25.0,microstructure_0268.png
STEEL_0269,0.474,0.697,0.231,0.915,0.676,0.057,898.3,63.2,10.56,118.8,577.2,128.6,0.0,0.0,38.38,61.62,14.16,20.0,730.0,876.0,25.0,microstructure_0269.png
STEEL_0270,0.322,0.654,0.176,0.126,0.428,0.204,923.7,91.9,15.91,178.8,432.5,103.7,2.43,57.47,0.0,40.1,20.22,36.6,1297.0,1566.0,23.1,microstructure_0270.png
STEEL_0271,0.491,0.844,0.27,1.459,0.417,0.173,876.0,72.0,82.51,108.2,362.3,80.3,3.36,56.46,0.0,40.18,13.03,39.0,1388.0,1679.0,22.1,microstructure_0271.png
STEEL_0272,0.51,1.339,0.364,0.72,0.813,0.312,816.0,72.7,77.08,127.8,471.2,147.5,0.0,60.0,0.0,40.0,10.0,34.3,1231.0,1477.0,24.3,microstructure_0272.png
STEEL_0273,0.439,0.63,0.27,0.556,0.244,0.271,924.8,86.6,76.59,53.7,466.3,112.0,20.41,39.22,0.0,40.37,19.78,38.2,1350.0,1703.0,20.7,microstructure_0273.png
STEEL_0274,0.317,0.977,0.363,1.343,0.908,0.444,901.8,90.9,42.79,30.9,387.4,129.8,0.0,0.0,58.83,41.17,17.39,20.3,737.0,884.0,25.0,microstructure_0274.png
STEEL_0275,0.558,0.533,0.355,0.201,0.489,0.275,872.9,33.5,65.06,190.2,581.1,127.1,18.01,39.21,0.0,42.77,10.0,30.8,1109.0,1390.0,23.9,microstructure_0275.png
STEEL_0276,0.533,1.47,0.203,1.108,0.654,0.343,837.9,93.8,19.83,84.9,647.3,70.3,0.0,0.0,30.79,69.21,11.53,20.0,734.0,881.0,25.0,microstructure_0276.png
STEEL_0277,0.569,1.129,0.322,0.01,0.551,0.26,920.0,48.0,69.82,24.0,604.5,110.2,26.87,32.38,0.0,40.75,14.26,31.3,1119.0,1433.0,22.8,microstructure_0277.png
STEEL_0278,0.515,1.418,0.198,0.972,0.922,0.252,914.5,112.8,22.24,156.4,288.9,61.1,0.0,0.0,33.17,66.83,21.08,22.8,818.0,982.0,25.0,microstructure_0278.png
STEEL_0279,0.508,0.6,0.164,0.381,0.749,0.129,847.1,66.0,98.18,153.2,318.1,107.3,36.95,19.98,0.0,43.06,10.29,45.3,1600.0,2000.0,16.2,microstructure_0279.png
STEEL_0280,0.429,0.591,0.16,1.137,0.896,0.305,922.3,76.8,88.31,41.4,590.7,178.9,5.12,54.79,0.0,40.09,18.31,27.7,992.0,1205.0,25.0,microstructure_0280.png
STEEL_0281,0.323,0.958,0.319,0.552,0.784,0.415,848.3,61.5,28.22,91.2,623.3,127.6,0.0,0.0,22.28,77.72,10.01,20.0,737.0,885.0,25.0,microstructure_0281.png
STEEL_0282,0.561,1.124,0.191,0.219,0.283,0.308,919.9,107.7,21.11,47.0,310.5,150.7,0.0,0.0,9.94,90.06,21.34,25.1,898.0,1078.0,25.0,microstructure_0282.png
STEEL_0283,0.337,0.982,0.282,1.465,0.745,0.424,827.0,117.1,37.06,40.6,445.8,118.3,0.0,0.0,56.27,43.73,11.98,20.0,733.0,880.0,25.0,microstructure_0283.png
STEEL_0284,0.46,0.773,0.316,1.25,0.899,0.059,874.7,95.2,45.02,68.9,405.1,140.0,0.0,0.0,5.21,94.79,14.85,25.5,918.0,1101.0,25.0,microstructure_0284.png
STEEL_0285,0.325,1.301,0.263,0.378,0.328,0.07,929.4,64.6,56.47,112.3,343.2,123.0,28.96,30.32,0.0,40.71,17.62,43.8,1548.0,1992.0,17.6,microstructure_0285.png
STEEL_0286,0.311,0.77,0.322,0.288,0.735,0.197,926.2,47.6,86.86,52.5,590.9,148.3,46.56,12.94,0.0,40.5,14.79,36.1,1283.0,1719.0,18.9,microstructure_0286.png
STEEL_0287,0.47,1.483,0.223,0.533,0.862,0.386,949.8,35.3,35.76,140.6,278.1,163.5,0.0,0.0,18.85,81.15,14.92,24.4,881.0,1057.0,25.0,microstructure_0287.png
STEEL_0288,0.318,0.52,0.313,0.558,0.881,0.208,929.5,50.7,66.62,165.6,330.9,82.2,19.8,39.44,0.0,40.76,15.61,42.1,1489.0,1876.0,19.2,microstructure_0288.png
STEEL_0289,0.415,1.043,0.314,0.063,0.964,0.266,924.2,61.1,65.88,33.3,301.5,121.8,25.1,34.5,0.0,40.4,16.54,43.2,1526.0,1946.0,18.2,microstructure_0289.png
STEEL_0290,0.455,1.368,0.386,1.073,0.764,0.165,825.6,56.7,98.98,127.9,312.5,75.0,5.54,54.08,0.0,40.38,10.0,39.6,1414.0,1720.0,21.6,microstructure_0290.png
STEEL_0291,0.428,1.394,0.371,0.918,0.152,0.094,846.4,67.1,86.83,155.8,503.7,63.5,16.05,42.79,0.0,41.16,10.32,35.3,1265.0,1579.0,22.3,microstructure_0291.png
STEEL_0292,0.595,1.107,0.388,0.624,0.319,0.379,939.4,32.3,80.28,167.1,649.4,170.0,2.48,57.07,0.0,40.45,13.31,23.8,863.0,1042.0,25.0,microstructure_0292.png
STEEL_0293,0.416,0.655,0.238,0.111,0.893,0.123,806.8,53.4,81.92,104.7,549.1,139.2,57.26,1.0,0.0,41.74,10.0,40.7,1453.0,1993.0,16.0,microstructure_0293.png
STEEL_0294,0.327,1.228,0.254,0.145,0.146,0.192,897.4,119.3,76.83,79.1,336.4,70.7,57.17,1.93,0.0,40.9,19.34,49.4,1600.0,2000.0,12.5,microstructure_0294.png
STEEL_0295,0.49,0.818,0.355,0.362,0.731,0.444,843.9,41.1,20.71,116.5,584.5,75.4,0.0,0.0,36.38,63.62,10.0,20.0,737.0,885.0,25.0,microstructure_0295.png
STEEL_0296,0.332,1.457,0.338,1.259,0.062,0.15,830.2,84.0,80.96,140.5,484.6,69.2,11.08,48.48,0.0,40.44,10.37,35.6,1275.0,1572.0,22.7,microstructure_0296.png
STEEL_0297,0.424,1.209,0.181,1.376,0.365,0.16,915.1,76.1,40.79,96.0,576.6,120.5,0.0,0.0,14.79,85.21,17.38,20.0,726.0,871.0,25.0,microstructure_0297.png
STEEL_0298,0.399,1.286,0.381,0.559,0.646,0.084,893.5,64.8,74.8,52.1,245.0,96.4,18.88,40.75,0.0,40.37,13.89,42.0,1491.0,1873.0,19.3,microstructure_0298.png
STEEL_0299,0.597,1.415,0.291,0.811,0.92,0.105,809.9,109.2,40.92,110.8,582.1,140.9,0.0,0.0,8.77,91.23,10.33,20.0,737.0,884.0,25.0,microstructure_0299.png
STEEL_0300,0.358,0.632,0.354,0.389,0.423,0.186,870.9,60.5,66.43,125.9,631.9,86.2,29.99,29.18,0.0,40.83,11.55,30.4,1093.0,1410.0,22.8,microstructure_0300.png
STEEL_0301,0.463,1.364,0.2,0.721,0.869,0.094,851.3,44.4,62.09,149.1,407.4,175.1,4.58,55.01,0.0,40.41,10.0,39.0,1392.0,1689.0,22.0,microstructure_0301.png
STEEL_0302,0.343,0.679,0.348,1.244,0.607,0.243,853.5,74.4,10.06,118.5,351.9,165.3,0.0,0.0,55.44,44.56,11.4,20.9,767.0,920.0,25.0,microstructure_0302.png
STEEL_0303,0.436,0.569,0.289,1.36,0.561,0.379,855.4,49.9,70.07,82.3,607.9,62.0,0.0,0.0,3.72,96.28,10.0,20.0,737.0,885.0,25.0,microstructure_0303.png
STEEL_0304,0.38,0.856,0.351,1.371,0.981,0.45,932.6,54.1,28.14,116.9,451.6,136.5,0.0,0.0,50.67,49.33,16.47,20.0,727.0,872.0,25.0,microstructure_0304.png
STEEL_0305,0.524,0.618,0.174,1.029,0.345,0.468,948.7,69.9,51.52,119.3,510.7,97.3,0.0,0.0,9.52,90.48,20.85,20.0,723.0,867.0,25.0,microstructure_0305.png
STEEL_0306,0.495,1.256,0.27,1.379,0.933,0.318,926.9,67.6,18.36,141.4,588.3,145.5,0.0,0.0,35.73,64.27,17.72,20.0,726.0,871.0,25.0,microstructure_0306.png
STEEL_0307,0.502,0.933,0.342,0.894,0.417,0.462,893.8,74.3,96.25,41.2,470.7,144.8,3.17,56.75,0.0,40.08,14.9,34.7,1235.0,1494.0,23.8,microstructure_0307.png
STEEL_0308,0.524,1.254,0.203,1.004,0.425,0.496,812.3,84.4,20.23,129.0,301.3,171.3,0.0,0.0,31.93,68.07,10.0,23.4,854.0,1025.0,25.0,microstructure_0308.png
STEEL_0309,0.375,1.159,0.311,0.564,0.124,0.142,844.1,115.1,60.53,144.8,586.5,149.5,18.12,41.1,0.0,40.78,13.32,30.6,1098.0,1378.0,23.9,microstructure_0309.png
STEEL_0310,0.553,1.199,0.287,1.329,0.419,0.037,805.5,90.0,40.79,128.3,567.0,99.3,0.0,0.0,8.28,91.72,10.0,20.0,737.0,885.0,25.0,microstructure_0310.png
STEEL_0311,0.576,1.208,0.241,0.544,0.348,0.431,817.5,53.7,22.51,63.3,482.9,115.0,0.0,0.0,25.17,74.83,10.0,20.0,737.0,885.0,25.0,microstructure_0311.png
STEEL_0312,0.371,1.189,0.186,0.248,0.44,0.101,883.9,91.5,28.87,115.4,304.7,149.2,8.0,51.76,0.0,40.25,15.49,39.8,1412.0,1728.0,21.3,microstructure_0312.png
STEEL_0313,0.583,0.578,0.175,0.775,0.07,0.37,805.5,95.9,73.87,141.9,244.2,82.8,6.46,52.9,0.0,40.64,10.0,39.7,1419.0,1730.0,21.5,microstructure_0313.png
STEEL_0314,0.437,0.655,0.387,0.315,0.204,0.143,896.7,59.8,84.76,106.0,573.5,96.6,48.72,9.78,0.0,41.49,13.64,37.4,1331.0,1791.0,18.2,microstructure_0314.png
STEEL_0315,0.486,1.035,0.248,0.27,0.614,0.327,833.5,91.0,64.35,116.9,326.6,107.0,10.4,49.03,0.0,40.57,11.03,40.5,1441.0,1775.0,20.8,microstructure_0315.png
STEEL_0316,0.351,0.684,0.273,0.254,0.789,0.173,893.8,66.0,78.92,183.8,623.1,117.2,41.36,16.33,0.0,42.3,14.05,32.8,1170.0,1549.0,20.8,microstructure_0316.png
STEEL_0317,0.391,1.344,0.35,0.609,0.471,0.07,824.0,89.4,49.44,94.6,318.5,94.3,8.7,51.04,0.0,40.26,10.26,40.2,1435.0,1760.0,21.0,microstructure_0317.png
STEEL_0318,0.323,0.646,0.205,0.854,0.883,0.286,858.7,51.9,44.61,91.7,445.8,118.7,0.35,59.64,0.0,40.01,10.0,35.9,1286.0,1545.0,23.6,microstructure_0318.png
STEEL_0319,0.314,0.616,0.31,0.018,0.055,0.444,910.9,73.0,54.54,68.1,580.8,175.7,45.6,13.92,0.0,40.48,16.55,36.4,1293.0,1728.0,18.9,microstructure_0319.png
STEEL_0320,0.417,0.924,0.3,0.832,0.776,0.217,874.6,94.6,37.27,193.3,241.9,73.1,0.0,0.0,12.47,87.53,14.79,25.1,903.0,1084.0,25.0,microstructure_0320.png
STEEL_0321,0.419,1.068,0.356,0.813,0.481,0.017,910.7,52.9,64.72,125.1,248.7,70.4,15.73,43.56,0.0,40.71,14.07,41.3,1466.0,1828.0,19.9,microstructure_0321.png
STEEL_0322,0.367,0.892,0.283,0.885,0.126,0.063,881.1,93.2,86.97,59.5,230.8,94.9,34.64,24.85,0.0,40.52,15.33,45.1,1594.0,2000.0,16.5,microstructure_0322.png
STEEL_0323,0.372,0.503,0.16,0.156,0.041,0.386,931.8,64.9,53.08,56.2,223.8,156.9,32.73,26.88,0.0,40.39,17.94,44.6,1576.0,2000.0,16.9,microstructure_0323.png
STEEL_0324,0.53,0.646,0.279,0.5,0.741,0.381,905.6,38.1,18.03,136.5,545.3,125.1,0.0,0.0,31.2,68.8,11.54,20.0,734.0,881.0,25.0,microstructure_0324.png
STEEL_0325,0.334,0.523,0.377,0.657,0.462,0.091,929.3,41.6,47.81,111.5,631.9,159.6,17.55,42.08,0.0,40.37,14.13,27.9,1001.0,1254.0,25.0,microstructure_0325.png
STEEL_0326,0.352,1.435,0.269,0.742,0.604,0.076,885.4,90.9,69.53,157.8,611.4,139.1,14.12,45.1,0.0,40.78,15.58,28.2,1013.0,1258.0,25.0,microstructure_0326.png
STEEL_0327,0.483,0.631,0.151,0.57,0.378,0.143,822.0,35.9,82.76,194.0,271.5,71.1,25.68,31.37,0.0,42.95,10.0,43.1,1535.0,1961.0,18.2,microstructure_0327.png
STEEL_0328,0.539,1.334,0.267,0.776,0.268,0.386,808.5,100.3,11.91,106.4,566.4,102.2,0.0,0.0,30.02,69.98,10.0,20.0,737.0,885.0,25.0,microstructure_0328.png
STEEL_0329,0.56,0.731,0.361,0.931,0.813,0.438,892.4,61.6,22.93,199.6,205.9,114.1,0.0,0.0,27.27,72.73,13.44,23.6,856.0,1028.0,25.0,microstructure_0329.png
STEEL_0330,0.516,0.974,0.33,1.284,0.48,0.239,882.2,87.2,43.57,48.7,613.5,90.0,0.0,0.0,14.67,85.33,14.95,20.0,729.0,875.0,25.0,microstructure_0330.png
STEEL_0331,0.454,1.442,0.343,1.267,0.858,0.41,929.5,88.6,56.43,106.0,498.0,89.8,0.0,0.0,40.99,59.01,20.64,20.0,723.0,868.0,25.0,microstructure_0331.png
STEEL_0332,0.304,0.644,0.338,0.304,0.701,0.318,903.8,82.6,16.61,26.6,527.4,117.1,0.0,0.0,19.13,80.87,16.79,20.0,727.0,872.0,25.0,microstructure_0332.png
STEEL_0333,0.364,1.414,0.285,1.207,0.486,0.151,949.0,74.6,32.55,191.5,499.9,79.5,0.0,0.0,22.17,77.83,21.57,20.0,722.0,867.0,25.0,microstructure_0333.png
STEEL_0334,0.33,1.066,0.273,0.357,0.282,0.482,814.4,73.1,54.99,53.5,315.3,88.4,9.11,50.77,0.0,40.11,10.0,40.4,1441.0,1768.0,20.9,microstructure_0334.png
STEEL_0335,0.53,0.777,0.248,1.499,0.428,0.354,828.3,42.3,42.9,165.3,466.4,100.0,0.0,0.0,31.18,68.82,10.0,20.0,737.0,885.0,25.0,microstructure_0335.png
STEEL_0336,0.481,1.143,0.356,0.942,0.934,0.026,875.7,103.1,52.85,192.8,600.8,112.6,1.44,58.33,0.0,40.23,15.56,26.5,951.0,1145.0,25.0,microstructure_0336.png
STEEL_0337,0.385,0.648,0.235,0.219,0.228,0.039,923.3,68.1,65.07,74.9,480.3,122.3,95.11,0.0,0.0,4.89,17.36,59.4,1600.0,2000.0,5.0,microstructure_0337.png
STEEL_0338,0.439,1.124,0.157,1.091,0.973,0.464,934.7,48.2,72.35,56.7,281.0,72.4,0.0,0.0,12.98,87.02,15.77,25.0,899.0,1079.0,25.0,microstructure_0338.png
STEEL_0339,0.596,0.969,0.288,1.301,0.842,0.333,903.7,64.9,93.09,106.8,603.9,126.3,0.0,0.0,4.72,95.28,14.87,20.0,729.0,875.0,25.0,microstructure_0339.png
STEEL_0340,0.596,0.762,0.341,0.868,0.187,0.251,848.1,61.8,40.52,101.8,452.1,86.6,0.0,0.0,5.95,94.05,10.02,22.9,836.0,1003.0,25.0,microstructure_0340.png
STEEL_0341,0.446,0.868,0.172,1.343,0.458,0.068,819.2,60.7,79.57,189.3,516.2,86.7,9.86,49.05,0.0,41.09,10.0,33.4,1198.0,1474.0,23.7,microstructure_0341.png
STEEL_0342,0.599,0.867,0.376,1.002,0.511,0.422,815.1,34.0,47.8,103.7,574.3,63.6,0.0,0.0,22.15,77.85,10.0,20.0,737.0,885.0,25.0,microstructure_0342.png
STEEL_0343,0.59,1.394,0.383,0.959,0.256,0.042,847.9,68.3,86.71,184.0,563.8,63.7,8.91,48.86,0.0,42.22,10.52,30.1,1083.0,1329.0,25.0,microstructure_0343.png
STEEL_0344,0.367,1.213,0.304,0.579,0.019,0.018,896.4,55.1,62.48,93.4,262.4,161.8,33.45,25.79,0.0,40.76,13.06,44.9,1591.0,2000.0,16.7,microstructure_0344.png
STEEL_0345,0.562,1.489,0.228,0.921,0.567,0.057,932.7,68.8,21.64,38.8,635.4,113.9,0.0,0.0,26.95,73.05,18.58,20.0,725.0,870.0,25.0,microstructure_0345.png
STEEL_0346,0.344,1.321,0.295,0.483,0.081,0.221,938.6,40.1,50.07,142.6,644.2,138.1,11.61,47.96,0.0,40.44,14.76,25.9,932.0,1151.0,25.0,microstructure_0346.png
STEEL_0347,0.464,0.591,0.161,0.298,0.141,0.018,879.0,35.9,72.94,154.3,389.6,77.4,83.55,0.0,0.0,16.45,10.0,60.0,1600.0,2000.0,5.6,microstructure_0347.png
STEEL_0348,0.348,0.626,0.311,0.935,0.265,0.364,931.5,91.9,44.4,113.7,232.4,147.7,0.18,59.81,0.0,40.0,21.32,38.1,1348.0,1618.0,22.7,microstructure_0348.png
STEEL_0349,0.462,1.34,0.346,0.136,0.213,0.041,929.8,46.2,30.57,114.0,231.4,177.7,13.37,46.0,0.0,40.62,14.94,40.8,1448.0,1796.0,20.3,microstructure_0349.png
STEEL_0350,0.458,0.749,0.332,0.951,0.435,0.351,860.2,82.0,30.49,81.5,446.7,97.4,0.0,0.0,40.54,59.46,12.51,20.0,732.0,879.0,25.0,microstructure_0350.png
STEEL_0351,0.421,1.404,0.169,0.106,0.264,0.03,859.9,63.6,88.42,140.0,313.8,160.5,84.9,0.0,0.0,15.1,11.0,60.5,1600.0,2000.0,5.3,microstructure_0351.png
STEEL_0352,0.382,0.914,0.159,0.991,0.416,0.444,882.0,64.0,79.38,99.1,483.9,157.8,3.72,56.17,0.0,40.1,12.79,34.1,1218.0,1475.0,24.0,microstructure_0352.png
STEEL_0353,0.575,1.2,0.245,0.534,0.175,0.314,932.8,104.4,48.56,183.0,543.3,113.3,0.0,0.0,0.97,99.03,22.9,20.0,721.0,866.0,25.0,microstructure_0353.png
STEEL_0354,0.319,1.291,0.296,1.385,0.789,0.454,886.7,67.1,96.6,51.9,487.5,80.8,0.0,0.0,1.62,98.38,13.51,20.9,764.0,916.0,25.0,microstructure_0354.png
STEEL_0355,0.323,0.88,0.153,0.862,0.015,0.488,857.8,52.0,14.1,136.2,629.6,159.8,0.0,0.0,58.01,41.99,10.0,20.0,737.0,885.0,25.0,microstructure_0355.png
STEEL_0356,0.413,0.613,0.377,0.671,0.954,0.067,863.7,62.3,14.99,133.9,444.8,152.4,0.0,0.0,46.38,53.62,11.16,20.0,735.0,882.0,25.0,microstructure_0356.png
STEEL_0357,0.59,1.312,0.257,1.493,0.058,0.5,811.0,86.2,64.65,152.2,216.9,102.2,0.0,0.0,23.4,76.6,10.0,24.2,884.0,1061.0,25.0,microstructure_0357.png
STEEL_0358,0.319,0.929,0.372,0.847,0.265,0.271,810.7,108.8,50.5,28.7,616.8,167.9,4.59,55.37,0.0,40.04,10.36,26.5,959.0,1164.0,25.0,microstructure_0358.png
STEEL_0359,0.399,0.616,0.267,0.074,0.743,0.084,837.5,64.7,86.18,89.9,360.2,71.4,93.38,0.0,0.0,6.62,10.0,63.9,1600.0,2000.0,5.0,microstructure_0359.png
STEEL_0360,0.474,1.199,0.328,0.746,0.925,0.399,867.7,47.8,55.82,55.6,591.4,82.7,0.0,0.0,12.55,87.45,10.04,20.0,737.0,885.0,25.0,microstructure_0360.png
STEEL_0361,0.426,1.128,0.348,0.859,0.456,0.295,820.7,117.7,47.97,55.3,556.5,171.6,0.0,0.0,8.12,91.88,11.53,20.0,734.0,881.0,25.0,microstructure_0361.png
STEEL_0362,0.404,1.294,0.27,0.834,0.472,0.124,908.8,82.8,12.48,184.1,323.7,125.7,0.0,0.0,47.58,52.42,17.39,21.4,776.0,931.0,25.0,microstructure_0362.png
STEEL_0363,0.328,0.732,0.283,1.274,0.693,0.264,864.2,51.1,57.79,165.7,343.8,89.6,0.5,59.48,0.0,40.02,10.14,38.7,1381.0,1659.0,22.5,microstructure_0363.png
STEEL_0364,0.51,0.524,0.323,1.105,0.523,0.148,876.3,119.7,37.44,147.9,268.8,118.8,0.0,0.0,7.88,92.12,16.83,25.4,914.0,1097.0,25.0,microstructure_0364.png
STEEL_0365,0.569,0.749,0.195,0.862,0.576,0.445,936.7,116.0,53.03,92.3,474.9,122.0,0.0,0.0,8.67,91.33,24.78,20.6,742.0,891.0,25.0,microstructure_0365.png
STEEL_0366,0.5,1.081,0.231,1.154,0.464,0.241,825.0,40.0,19.9,44.4,596.1,172.5,0.0,0.0,35.03,64.97,10.0,20.0,737.0,885.0,25.0,microstructure_0366.png
STEEL_0367,0.434,1.376,0.199,0.911,0.04,0.477,853.0,78.2,34.97,27.9,372.1,80.9,0.0,0.0,21.54,78.46,11.65,24.3,883.0,1059.0,25.0,microstructure_0367.png
STEEL_0368,0.379,0.849,0.241,0.997,0.231,0.167,915.9,81.2,15.71,29.4,573.6,117.8,0.0,0.0,50.78,49.22,18.06,20.0,725.0,870.0,25.0,microstructure_0368.png
STEEL_0369,0.524,1.243,0.176,0.486,0.864,0.049,827.2,61.7,74.98,113.9,444.5,155.9,16.15,42.66,0.0,41.18,10.0,38.9,1390.0,1735.0,20.8,microstructure_0369.png
STEEL_0370,0.386,0.614,0.392,1.278,0.574,0.449,859.7,89.6,91.7,43.6,386.6,151.8,2.79,57.17,0.0,40.04,13.04,38.9,1385.0,1673.0,22.1,microstructure_0370.png
STEEL_0371,0.435,1.455,0.268,1.204,0.541,0.072,814.7,40.6,50.55,176.5,251.9,162.8,0.0,0.0,3.78,96.22,10.0,26.2,951.0,1142.0,25.0,microstructure_0371.png
STEEL_0372,0.516,0.806,0.173,0.408,0.65,0.308,893.4,50.5,30.23,142.0,452.5,130.4,0.0,0.0,8.7,91.3,12.24,22.4,816.0,979.0,25.0,microstructure_0372.png
STEEL_0373,0.423,1.186,0.302,0.328,0.856,0.112,935.2,46.3,26.84,85.2,422.9,135.8,0.0,0.0,2.78,97.22,15.5,24.6,887.0,1065.0,25.0,microstructure_0373.png
STEEL_0374,0.349,1.17,0.156,0.076,0.849,0.089,848.3,109.0,76.59,192.8,483.6,119.5,80.02,0.0,0.0,19.98,13.33,53.4,1600.0,2000.0,8.7,microstructure_0374.png
STEEL_0375,0.462,1.178,0.333,0.023,0.802,0.198,849.0,73.9,43.35,170.2,270.4,111.1,13.88,44.8,0.0,41.33,11.02,41.0,1460.0,1813.0,20.2,microstructure_0375.png
STEEL_0376,0.313,0.518,0.322,0.518,0.896,0.073,916.3,110.1,18.26,88.3,449.0,60.4,0.0,0.0,5.61,94.39,21.07,22.6,812.0,974.0,25.0,microstructure_0376.png
STEEL_0377,0.346,1.258,0.175,1.263,0.646,0.296,945.9,113.9,30.72,126.7,312.0,90.2,0.0,0.0,55.03,44.97,26.11,20.5,736.0,883.0,25.0,microstructure_0377.png
STEEL_0378,0.596,1.398,0.242,0.779,0.302,0.285,935.2,102.0,21.86,90.5,601.4,150.3,0.0,0.0,22.63,77.37,23.0,20.0,721.0,866.0,25.0,microstructure_0378.png
STEEL_0379,0.514,1.02,0.361,1.269,0.26,0.088,842.6,105.9,62.16,178.6,491.5,127.2,2.2,57.49,0.0,40.31,12.65,33.3,1191.0,1437.0,24.5,microstructure_0379.png
STEEL_0380,0.335,1.382,0.347,0.337,0.188,0.39,920.5,78.9,50.6,174.1,266.4,97.9,7.93,51.65,0.0,40.42,18.35,39.7,1404.0,1718.0,21.3,microstructure_0380.png
STEEL_0381,0.438,0.75,0.339,1.159,0.133,0.186,937.1,109.1,71.49,146.2,274.2,121.7,8.23,51.31,0.0,40.46,24.1,39.6,1396.0,1709.0,21.3,microstructure_0381.png
STEEL_0382,0.595,0.943,0.244,0.315,0.364,0.275,867.8,102.0,21.45,151.0,440.4,114.7,0.0,0.0,9.65,90.35,14.68,22.9,830.0,996.0,25.0,microstructure_0382.png
STEEL_0383,0.513,1.286,0.34,0.249,0.125,0.403,927.9,50.1,85.76,154.1,606.1,68.3,17.04,41.3,0.0,41.66,15.36,29.0,1038.0,1299.0,24.7,microstructure_0383.png
STEEL_0384,0.395,0.936,0.285,1.349,0.587,0.251,853.1,88.6,97.43,140.5,542.8,127.8,6.05,53.64,0.0,40.31,12.4,31.0,1112.0,1355.0,25.0,microstructure_0384.png
STEEL_0385,0.434,1.472,0.157,0.045,0.773,0.366,854.1,84.1,86.62,185.2,499.6,103.5,26.12,30.95,0.0,42.93,12.17,37.1,1323.0,1691.0,20.6,microstructure_0385.png
STEEL_0386,0.419,0.579,0.339,1.013,0.903,0.2,823.0,45.9,72.41,84.0,614.2,89.1,5.73,54.11,0.0,40.16,10.0,26.8,973.0,1185.0,25.0,microstructure_0386.png
STEEL_0387,0.479,1.412,0.164,0.424,0.421,0.309,938.7,113.4,95.15,34.7,305.8,68.3,16.28,43.34,0.0,40.38,24.84,41.2,1451.0,1812.0,19.9,microstructure_0387.png
STEEL_0388,0.571,0.691,0.39,0.069,0.373,0.189,803.9,91.0,88.54,92.5,501.2,98.0,50.56,6.86,0.0,42.58,10.0,42.1,1500.0,2000.0,16.1,microstructure_0388.png
STEEL_0389,0.48,0.878,0.222,0.305,0.616,0.427,878.2,107.8,85.43,184.1,379.3,60.9,14.23,44.15,0.0,41.62,16.17,40.8,1444.0,1794.0,20.3,microstructure_0389.png
STEEL_0390,0.472,0.693,0.205,0.49,0.738,0.145,806.0,34.3,64.18,138.1,495.2,112.8,15.03,44.06,0.0,40.91,10.0,35.7,1279.0,1592.0,22.2,microstructure_0390.png
STEEL_0391,0.502,1.431,0.357,0.889,0.611,0.026,852.9,93.6,97.14,124.2,516.4,134.4,15.16,43.64,0.0,41.21,12.73,34.2,1222.0,1522.0,22.8,microstructure_0391.png
STEEL_0392,0.533,0.776,0.228,0.642,0.066,0.03,873.7,82.4,77.65,147.6,545.2,127.3,31.52,25.84,0.0,42.64,13.73,35.4,1262.0,1634.0,20.7,microstructure_0392.png
STEEL_0393,0.488,0.527,0.277,0.922,0.455,0.165,934.1,118.5,98.96,74.2,343.2,168.4,20.3,39.09,0.0,40.61,24.62,41.9,1477.0,1863.0,19.2,microstructure_0393.png
STEEL_0394,0.559,1.372,0.332,1.402,0.043,0.427,898.8,51.7,57.91,190.3,299.1,168.9,0.0,0.0,13.28,86.72,12.85,25.1,907.0,1088.0,25.0,microstructure_0394.png
STEEL_0395,0.547,1.055,0.273,0.443,0.009,0.1,907.9,51.5,78.03,199.8,212.6,117.8,25.58,29.72,0.0,44.7,13.63,42.5,1508.0,1925.0,18.4,microstructure_0395.png
STEEL_0396,0.378,0.614,0.373,1.11,0.383,0.35,868.1,34.8,51.8,41.9,421.4,96.1,0.0,0.0,2.95,97.05,10.0,25.0,910.0,1092.0,25.0,microstructure_0396.png
STEEL_0397,0.594,1.293,0.19,0.241,0.46,0.267,802.5,85.5,62.12,121.6,509.2,85.7,8.21,50.93,0.0,40.86,10.0,33.5,1203.0,1473.0,23.8,microstructure_0397.png
STEEL_0398,0.409,1.43,0.381,0.637,0.06,0.095,948.3,85.8,26.07,64.1,251.2,98.2,0.0,0.0,6.15,93.85,23.02,25.4,908.0,1090.0,25.0,microstructure_0398.png
STEEL_0399,0.499,1.041,0.361,0.714,0.012,0.328,873.6,57.5,52.61,184.2,319.5,101.5,0.99,58.89,0.0,40.12,11.46,38.6,1378.0,1657.0,22.4,microstructure_0399.png
STEEL_0400,0.555,1.125,0.387,0.66,0.189,0.489,944.2,94.2,73.74,197.9,599.1,75.7,0.32,59.6,0.0,40.07,23.47,26.1,933.0,1120.0,25.0,microstructure_0400.png
STEEL_0401,0.349,1.074,0.32,1.454,0.044,0.375,840.8,106.7,95.86,85.5,401.7,102.4,6.34,53.52,0.0,40.14,12.54,39.6,1407.0,1715.0,21.5,microstructure_0401.png
STEEL_0402,0.485,1.452,0.297,0.795,0.862,0.259,839.4,64.5,61.73,82.8,553.9,75.4,0.0,0.0,6.66,93.34,10.0,20.0,737.0,885.0,25.0,microstructure_0402.png
STEEL_0403,0.538,1.167,0.208,0.293,0.417,0.471,879.9,71.1,31.88,126.1,271.5,145.0,0.0,0.0,10.38,89.62,13.29,25.3,915.0,1098.0,25.0,microstructure_0403.png
STEEL_0404,0.509,0.823,0.297,0.317,0.046,0.156,837.5,73.4,45.95,36.8,476.2,86.3,15.98,43.7,0.0,40.32,10.18,37.1,1328.0,1657.0,21.6,microstructure_0404.png
STEEL_0405,0.434,1.041,0.383,0.372,0.078,0.197,814.5,73.2,50.05,38.9,316.2,172.4,13.97,45.81,0.0,40.22,10.0,41.3,1473.0,1830.0,20.1,microstructure_0405.png
STEEL_0406,0.572,1.31,0.358,1.182,0.451,0.357,826.6,65.8,59.73,176.0,618.3,162.8,0.0,0.0,11.61,88.39,10.0,20.0,737.0,885.0,25.0,microstructure_0406.png
STEEL_0407,0.356,1.315,0.27,1.021,0.276,0.189,841.2,107.2,21.87,112.1,211.0,70.8,0.0,0.0,53.72,46.28,12.61,21.0,768.0,922.0,25.0,microstructure_0407.png
STEEL_0408,0.449,0.543,0.159,0.543,0.383,0.441,854.7,105.7,33.03,49.6,296.7,66.8,0.0,0.0,8.03,91.97,13.69,25.5,922.0,1106.0,25.0,microstructure_0408.png
STEEL_0409,0.462,1.167,0.337,1.214,0.123,0.299,936.5,65.2,94.34,168.5,227.5,175.6,4.79,54.74,0.0,40.47,18.56,39.0,1381.0,1677.0,21.9,microstructure_0409.png
STEEL_0410,0.538,0.984,0.173,0.505,0.82,0.27,878.0,106.4,10.58,80.6,387.8,68.8,0.0,0.0,30.13,69.87,16.05,23.2,839.0,1007.0,25.0,microstructure_0410.png
STEEL_0411,0.555,1.497,0.254,0.892,0.425,0.072,853.5,86.0,55.76,127.2,371.8,100.9,0.85,59.06,0.0,40.09,12.25,38.6,1374.0,1652.0,22.5,microstructure_0411.png
STEEL_0412,0.391,0.624,0.153,0.526,0.708,0.277,888.4,102.7,32.82,178.7,628.5,77.2,0.0,0.0,1.25,98.75,16.9,20.0,726.0,872.0,25.0,microstructure_0412.png
STEEL_0413,0.319,1.07,0.213,1.24,0.941,0.229,925.9,84.7,71.5,26.6,381.7,134.1,2.2,57.77,0.0,40.02,19.71,38.6,1364.0,1646.0,22.4,microstructure_0413.png
STEEL_0414,0.356,1.133,0.183,0.265,0.059,0.204,840.5,63.0,90.65,127.8,524.3,100.5,55.63,2.68,0.0,41.69,10.0,41.9,1493.0,2000.0,15.7,microstructure_0414.png
STEEL_0415,0.367,1.35,0.253,0.275,0.454,0.467,928.0,74.2,52.62,112.7,348.9,157.0,5.32,54.51,0.0,40.17,18.71,39.2,1387.0,1686.0,21.8,microstructure_0415.png
STEEL_0416,0.54,0.993,0.285,0.863,0.696,0.377,836.1,104.5,67.88,64.8,340.3,141.9,0.0,0.0,5.31,94.69,12.03,25.9,937.0,1125.0,25.0,microstructure_0416.png
STEEL_0417,0.314,0.536,0.262,0.597,0.894,0.068,827.2,95.2,29.49,47.2,349.6,79.5,5.54,54.41,0.0,40.06,10.82,39.6,1412.0,1718.0,21.6,microstructure_0417.png
STEEL_0418,0.317,1.343,0.284,0.656,0.267,0.138,912.3,37.5,38.12,45.1,335.6,172.4,4.63,55.31,0.0,40.05,11.97,39.4,1401.0,1701.0,21.8,microstructure_0418.png
STEEL_0419,0.477,0.957,0.187,0.348,0.405,0.243,874.6,69.1,43.17,181.5,292.1,149.2,5.27,54.17,0.0,40.56,12.64,39.3,1400.0,1702.0,21.7,microstructure_0419.png
STEEL_0420,0.473,1.212,0.278,0.733,0.722,0.143,869.4,51.3,37.15,194.3,212.1,178.3,0.0,0.0,9.29,90.71,10.52,25.6,930.0,1116.0,25.0,microstructure_0420.png
STEEL_0421,0.308,1.334,0.325,0.418,0.767,0.318,844.6,34.3,17.21,136.4,463.3,154.7,0.0,0.0,59.94,40.06,10.0,20.0,737.0,885.0,25.0,microstructure_0421.png
STEEL_0422,0.327,0.622,0.357,0.973,0.315,0.305,835.3,42.7,52.59,92.8,326.0,110.1,4.29,55.64,0.0,40.08,10.0,39.4,1408.0,1707.0,21.8,microstructure_0422.png
STEEL_0423,0.34,0.865,0.208,0.239,0.343,0.04,918.7,58.0,45.92,194.2,518.1,66.5,37.39,20.48,0.0,42.14,15.54,38.2,1357.0,1781.0,19.0,microstructure_0423.png
STEEL_0424,0.524,1.012,0.257,0.34,0.422,0.08,847.6,118.5,39.13,97.4,275.2,98.3,8.12,51.48,0.0,40.41,13.83,39.9,1416.0,1734.0,21.2,microstructure_0424.png
STEEL_0425,0.599,1.331,0.156,1.127,0.101,0.498,900.0,71.2,41.57,21.3,435.1,155.8,0.0,0.0,22.19,77.81,15.2,22.0,796.0,955.0,25.0,microstructure_0425.png
STEEL_0426,0.344,1.104,0.395,1.425,0.299,0.036,941.3,103.2,79.17,145.2,470.5,167.1,14.42,44.98,0.0,40.61,24.09,36.6,1292.0,1606.0,21.9,microstructure_0426.png
STEEL_0427,0.444,0.73,0.227,1.221,0.045,0.25,890.9,88.4,22.65,43.1,396.5,151.1,0.0,0.0,42.37,57.63,15.94,22.0,797.0,957.0,25.0,microstructure_0427.png
STEEL_0428,0.539,1.116,0.316,1.476,0.774,0.481,827.4,98.9,92.7,78.6,397.1,62.7,0.0,0.0,11.65,88.35,11.04,25.3,919.0,1103.0,25.0,microstructure_0428.png
STEEL_0429,0.498,0.884,0.329,1.177,0.41,0.289,876.9,79.0,20.94,20.2,369.3,160.2,0.0,0.0,35.28,64.72,13.73,22.8,828.0,993.0,25.0,microstructure_0429.png
STEEL_0430,0.492,0.64,0.315,1.096,0.074,0.181,866.1,38.3,32.67,33.2,495.7,79.3,0.0,0.0,8.92,91.08,10.0,20.0,737.0,885.0,25.0,microstructure_0430.png
STEEL_0431,0.492,0.671,0.284,0.45,0.779,0.282,853.7,85.0,17.69,92.6,497.3,97.7,0.0,0.0,36.1,63.9,12.2,20.0,733.0,880.0,25.0,microstructure_0431.png
STEEL_0432,0.544,0.744,0.211,0.74,0.622,0.372,892.7,72.8,11.42,188.5,537.5,138.5,0.0,0.0,29.36,70.64,14.64,20.0,729.0,875.0,25.0,microstructure_0432.png
STEEL_0433,0.315,0.603,0.269,0.134,0.1,0.077,851.6,116.5,79.01,40.4,492.3,104.1,97.7,0.0,0.0,2.3,14.09,59.9,1600.0,2000.0,5.0,microstructure_0433.png
STEEL_0434,0.354,0.701,0.171,0.863,0.721,0.091,850.4,94.8,89.64,39.9,205.9,158.7,28.34,31.33,0.0,40.34,12.61,44.0,1561.0,2000.0,17.6,microstructure_0434.png
STEEL_0435,0.424,1.436,0.231,1.027,0.643,0.288,935.1,73.9,12.52,167.9,645.7,72.4,0.0,0.0,44.9,55.1,19.58,20.0,724.0,869.0,25.0,microstructure_0435.png
STEEL_0436,0.533,0.935,0.255,1.45,0.623,0.403,845.1,53.4,93.89,173.4,618.8,178.6,0.0,0.0,5.85,94.15,10.0,20.0,737.0,885.0,25.0,microstructure_0436.png
STEEL_0437,0.357,1.465,0.176,0.272,0.377,0.021,927.9,59.7,47.36,132.5,597.5,157.8,27.47,31.49,0.0,41.04,16.76,31.7,1129.0,1448.0,22.6,microstructure_0437.png
STEEL_0438,0.362,1.201,0.233,0.957,0.587,0.078,870.3,75.9,44.69,110.7,635.3,90.2,2.4,57.52,0.0,40.08,12.88,24.7,895.0,1081.0,25.0,microstructure_0438.png
STEEL_0439,0.38,0.83,0.205,1.434,0.764,0.478,932.4,62.0,14.26,31.0,454.7,66.0,0.0,0.0,50.63,49.37,17.61,20.0,726.0,871.0,25.0,microstructure_0439.png
STEEL_0440,0.395,1.354,0.276,0.279,0.156,0.43,926.2,38.6,65.97,26.8,301.7,159.1,13.69,46.13,0.0,40.18,13.32,41.1,1458.0,1810.0,20.2,microstructure_0440.png
STEEL_0441,0.489,1.249,0.276,0.743,0.192,0.043,911.0,110.4,24.48,39.7,581.4,62.6,0.0,0.0,9.02,90.98,20.37,20.0,723.0,868.0,25.0,microstructure_0441.png
STEEL_0442,0.449,0.77,0.246,0.777,0.943,0.004,803.3,68.9,47.41,151.9,527.8,123.1,7.25,52.24,0.0,40.51,10.0,32.3,1161.0,1418.0,24.4,microstructure_0442.png
STEEL_0443,0.416,1.05,0.239,1.41,0.083,0.457,937.2,55.8,65.8,81.5,408.4,154.1,0.0,0.0,9.19,90.81,17.26,24.8,891.0,1069.0,25.0,microstructure_0443.png
STEEL_0444,0.585,1.068,0.164,0.646,0.747,0.201,901.1,34.4,31.33,191.3,403.8,175.5,0.0,0.0,10.56,89.44,10.64,25.2,917.0,1100.0,25.0,microstructure_0444.png
STEEL_0445,0.521,0.972,0.263,0.73,0.952,0.009,937.5,67.6,64.84,95.9,334.2,82.6,10.33,49.1,0.0,40.58,19.03,40.1,1418.0,1745.0,20.9,microstructure_0445.png
STEEL_0446,0.468,1.092,0.202,0.745,0.033,0.147,808.8,112.0,66.58,134.4,206.8,67.3,13.3,45.91,0.0,40.78,10.38,41.1,1463.0,1814.0,20.2,microstructure_0446.png
STEEL_0447,0.304,1.367,0.392,1.044,0.47,0.081,863.0,102.2,47.41,46.5,298.7,75.1,3.61,56.35,0.0,40.04,14.23,39.0,1387.0,1679.0,22.0,microstructure_0447.png
STEEL_0448,0.36,0.797,0.362,1.092,0.981,0.425,853.0,91.8,45.28,107.5,353.1,117.2,0.0,0.0,22.76,77.24,12.62,24.1,875.0,1050.0,25.0,microstructure_0448.png
STEEL_0449,0.571,1.209,0.229,1.254,0.778,0.188,872.1,58.6,16.87,144.3,457.5,130.0,0.0,0.0,25.79,74.21,11.45,20.4,750.0,900.0,25.0,microstructure_0449.png
STEEL_0450,0.479,1.459,0.29,0.154,0.105,0.387,930.5,101.4,63.58,188.4,648.5,62.7,13.55,44.69,0.0,41.76,22.24,25.5,912.0,1131.0,25.0,microstructure_0450.png
STEEL_0451,0.34,0.767,0.299,0.321,0.76,0.468,825.3,35.8,22.43,68.7,246.1,163.4,0.0,0.0,20.48,79.52,10.0,24.5,894.0,1073.0,25.0,microstructure_0451.png
STEEL_0452,0.339,0.832,0.198,1.435,0.77,0.157,818.5,104.8,21.51,165.4,231.4,125.9,0.0,0.0,56.02,43.98,10.71,20.9,768.0,921.0,25.0,microstructure_0452.png
STEEL_0453,0.36,0.893,0.279,0.561,0.69,0.318,935.5,108.4,44.85,187.4,424.0,150.2,1.51,58.39,0.0,40.1,23.77,36.9,1303.0,1569.0,23.1,microstructure_0453.png
STEEL_0454,0.372,1.488,0.335,0.901,0.708,0.362,815.4,35.1,41.39,194.2,318.0,112.0,0.0,0.0,23.38,76.62,10.0,24.2,884.0,1061.0,25.0,microstructure_0454.png
STEEL_0455,0.548,1.231,0.303,0.126,0.192,0.079,809.0,43.9,86.37,30.0,486.1,154.8,53.74,4.86,0.0,41.4,10.0,43.9,1561.0,2000.0,15.1,microstructure_0455.png
STEEL_0456,0.539,0.761,0.254,1.441,0.927,0.247,864.0,89.2,20.1,48.2,300.2,123.0,0.0,0.0,30.05,69.95,13.39,23.4,847.0,1016.0,25.0,microstructure_0456.png
STEEL_0457,0.325,0.765,0.16,0.304,0.051,0.306,926.5,64.2,46.0,148.0,623.3,176.3,20.84,38.54,0.0,40.61,17.23,28.9,1032.0,1302.0,24.4,microstructure_0457.png
STEEL_0458,0.435,1.37,0.261,0.054,0.731,0.33,841.5,43.7,63.51,196.1,450.1,62.6,16.93,40.99,0.0,42.08,10.0,38.5,1377.0,1723.0,20.9,microstructure_0458.png
STEEL_0459,0.405,0.943,0.231,0.095,0.653,0.48,937.6,93.0,64.55,138.3,365.9,65.5,17.53,41.66,0.0,40.8,22.32,41.4,1460.0,1829.0,19.7,microstructure_0459.png
STEEL_0460,0.34,1.312,0.38,0.965,0.073,0.394,924.7,84.5,14.87,76.3,347.9,135.4,0.0,0.0,55.88,44.12,19.53,20.5,743.0,891.0,25.0,microstructure_0460.png
STEEL_0461,0.402,1.229,0.274,1.339,0.918,0.158,892.8,34.8,81.02,148.1,475.1,155.6,1.5,58.4,0.0,40.1,10.13,34.3,1232.0,1484.0,24.1,microstructure_0461.png
STEEL_0462,0.574,1.065,0.235,1.225,0.616,0.053,887.8,117.3,28.22,20.2,204.7,71.0,0.0,0.0,25.51,74.49,17.99,23.6,851.0,1021.0,25.0,microstructure_0462.png
STEEL_0463,0.529,0.799,0.221,1.458,0.958,0.499,943.7,43.5,96.31,53.9,330.7,113.3,0.0,0.0,9.57,90.43,15.91,25.3,910.0,1092.0,25.0,microstructure_0463.png
STEEL_0464,0.378,1.389,0.173,1.488,0.693,0.339,814.3,91.4,32.28,150.7,334.0,174.4,0.0,0.0,50.91,49.09,10.0,21.5,789.0,947.0,25.0,microstructure_0464.png
STEEL_0465,0.337,1.421,0.335,1.349,0.274,0.261,884.9,65.8,47.24,177.3,293.9,114.4,0.0,0.0,15.72,84.28,13.22,24.8,897.0,1076.0,25.0,microstructure_0465.png
STEEL_0466,0.37,1.061,0.174,0.529,0.124,0.238,918.4,115.3,64.41,73.9,381.2,78.0,18.52,41.14,0.0,40.34,21.87,41.7,1471.0,1847.0,19.5,microstructure_0466.png
STEEL_0467,0.52,1.467,0.153,1.404,0.294,0.017,810.9,110.0,28.58,66.2,243.9,110.6,0.0,0.0,15.32,84.68,10.43,25.0,909.0,1091.0,25.0,microstructure_0467.png
STEEL_0468,0.461,0.649,0.183,1.276,0.463,0.086,826.3,53.6,77.62,165.1,442.1,105.2,10.88,48.23,0.0,40.89,10.0,38.1,1360.0,1677.0,21.7,microstructure_0468.png
STEEL_0469,0.456,1.223,0.229,0.508,0.316,0.203,885.9,87.1,67.95,46.7,314.1,108.0,12.88,46.83,0.0,40.28,15.3,40.8,1446.0,1791.0,20.4,microstructure_0469.png
STEEL_0470,0.362,0.574,0.283,0.551,0.561,0.378,809.0,79.1,98.29,101.7,242.4,140.1,24.99,34.45,0.0,40.56,10.0,43.5,1547.0,1972.0,18.1,microstructure_0470.png
STEEL_0471,0.459,1.383,0.283,0.127,0.275,0.066,815.9,78.2,60.95,24.3,488.0,175.4,38.27,21.08,0.0,40.65,10.0,40.8,1456.0,1914.0,17.8,microstructure_0471.png
STEEL_0472,0.48,1.327,0.3,1.416,0.49,0.403,893.0,117.9,23.57,194.8,276.3,120.0,0.0,0.0,37.7,62.3,18.67,22.4,807.0,968.0,25.0,microstructure_0472.png
STEEL_0473,0.467,1.446,0.266,1.494,0.82,0.096,861.3,71.4,81.1,22.5,469.6,179.7,0.0,0.0,0.01,99.99,11.76,22.3,813.0,975.0,25.0,microstructure_0473.png
STEEL_0474,0.451,1.063,0.152,0.718,0.395,0.19,925.9,90.4,94.35,184.1,345.7,85.2,17.69,40.46,0.0,41.85,20.37,41.3,1457.0,1826.0,19.7,microstructure_0474.png
STEEL_0475,0.596,0.536,0.381,0.714,0.752,0.031,916.4,57.8,51.14,94.9,351.4,162.8,6.53,53.05,0.0,40.43,15.28,39.5,1401.0,1709.0,21.5,microstructure_0475.png
STEEL_0476,0.32,1.471,0.167,0.945,0.99,0.323,844.7,80.2,11.87,120.6,571.8,141.4,0.0,0.0,58.47,41.53,11.15,20.0,735.0,882.0,25.0,microstructure_0476.png
STEEL_0477,0.533,1.194,0.205,1.087,0.861,0.098,860.3,83.6,31.84,142.1,210.6,177.8,0.0,0.0,30.73,69.27,12.64,23.3,847.0,1017.0,25.0,microstructure_0477.png
STEEL_0478,0.374,1.389,0.324,0.825,0.255,0.43,883.9,90.3,12.16,196.9,503.0,179.3,0.0,0.0,51.41,48.59,15.38,20.0,728.0,874.0,25.0,microstructure_0478.png
STEEL_0479,0.499,1.393,0.383,0.872,0.96,0.119,931.0,35.4,95.33,53.1,289.5,157.7,6.77,52.98,0.0,40.25,13.19,39.7,1410.0,1721.0,21.5,microstructure_0479.png
STEEL_0480,0.526,1.041,0.395,0.575,0.66,0.264,857.5,36.9,29.28,69.0,205.0,78.2,0.0,0.0,14.7,85.3,10.0,25.1,914.0,1097.0,25.0,microstructure_0480.png
STEEL_0481,0.538,0.941,0.231,0.574,0.258,0.272,803.7,75.3,47.79,34.2,369.0,110.0,1.34,58.62,0.0,40.03,10.0,38.8,1388.0,1671.0,22.3,microstructure_0481.png
STEEL_0482,0.512,1.012,0.198,1.043,0.95,0.01,812.8,113.6,35.39,87.1,577.3,110.9,0.0,0.0,8.26,91.74,10.74,20.0,736.0,883.0,25.0,microstructure_0482.png
STEEL_0483,0.523,1.022,0.171,0.249,0.748,0.145,825.8,98.3,63.71,22.2,526.0,141.6,18.25,41.34,0.0,40.41,10.89,34.5,1236.0,1551.0,22.4,microstructure_0483.png
STEEL_0484,0.547,0.893,0.197,1.01,0.654,0.304,902.8,30.5,35.98,38.2,529.1,146.5,0.0,0.0,28.95,71.05,10.15,20.0,737.0,885.0,25.0,microstructure_0484.png
STEEL_0485,0.417,0.673,0.359,1.497,0.189,0.352,838.6,45.7,36.79,75.7,274.0,78.4,0.0,0.0,21.62,78.38,10.0,24.4,890.0,1068.0,25.0,microstructure_0485.png
STEEL_0486,0.388,0.653,0.366,0.961,0.247,0.302,858.4,105.7,62.61,77.8,238.3,156.2,5.74,54.15,0.0,40.11,14.04,39.5,1401.0,1706.0,21.6,microstructure_0486.png
STEEL_0487,0.565,1.207,0.264,0.411,0.111,0.011,836.5,52.4,84.12,107.9,433.9,176.1,38.17,19.17,0.0,42.66,10.0,43.7,1553.0,2000.0,16.7,microstructure_0487.png
STEEL_0488,0.445,0.746,0.222,1.136,0.292,0.238,940.9,93.4,92.27,145.1,391.9,93.4,11.13,48.21,0.0,40.66,22.87,40.1,1416.0,1747.0,20.8,microstructure_0488.png
STEEL_0489,0.454,0.871,0.313,0.309,0.684,0.109,880.7,46.5,75.16,183.9,454.6,176.2,28.38,28.85,0.0,42.78,10.8,40.4,1438.0,1848.0,19.0,microstructure_0489.png
STEEL_0490,0.528,0.898,0.199,0.275,0.158,0.03,825.9,113.6,74.73,191.9,458.3,179.7,45.12,8.53,0.0,46.35,11.71,42.7,1517.0,2000.0,16.4,microstructure_0490.png
STEEL_0491,0.422,1.371,0.377,0.429,0.896,0.367,904.7,47.7,65.24,121.1,524.0,168.4,2.25,57.64,0.0,40.12,12.84,31.4,1124.0,1357.0,25.0,microstructure_0491.png
STEEL_0492,0.3,1.263,0.288,0.552,0.85,0.039,806.1,59.4,92.46,52.0,470.4,168.7,40.82,18.67,0.0,40.51,10.0,42.4,1511.0,1998.0,17.0,microstructure_0492.png
STEEL_0493,0.543,1.404,0.308,0.125,0.223,0.484,908.6,74.3,81.87,181.5,476.4,177.7,14.03,43.6,0.0,42.36,16.45,36.0,1278.0,1588.0,22.2,microstructure_0493.png
STEEL_0494,0.317,0.571,0.189,0.621,0.048,0.242,937.9,53.0,98.55,127.2,451.5,142.9,50.77,8.12,0.0,41.1,16.89,45.1,1591.0,2000.0,14.9,microstructure_0494.png
STEEL_0495,0.456,0.576,0.196,0.819,0.778,0.382,894.8,35.3,47.46,170.5,268.0,110.8,0.0,0.0,8.01,91.99,10.33,25.8,935.0,1122.0,25.0,microstructure_0495.png
STEEL_0496,0.426,1.198,0.372,0.833,0.067,0.174,880.9,92.1,20.84,95.0,273.0,92.3,0.0,0.0,21.44,78.56,15.22,24.1,871.0,1045.0,25.0,microstructure_0496.png
STEEL_0497,0.35,1.211,0.16,1.222,0.856,0.351,809.1,95.1,11.42,134.8,283.5,67.5,0.0,0.0,54.55,45.45,10.0,21.1,776.0,932.0,25.0,microstructure_0497.png
STEEL_0498,0.524,1.098,0.189,0.806,0.619,0.08,841.7,99.5,70.69,161.1,538.0,120.8,8.07,50.95,0.0,40.99,12.19,31.6,1132.0,1386.0,24.6,microstructure_0498.png
STEEL_0499,0.475,0.979,0.363,0.802,0.846,0.07,868.1,42.6,95.36,108.4,271.8,60.6,17.14,41.98,0.0,40.88,10.0,41.8,1491.0,1865.0,19.6,microstructure_0499.png
